id,alignment,apply_sign,bool_no,bool_yes,conditional_expression,decimal_size,export_config_id:id,export_type,expression,fixed_value,name,sequence,size,subconfig_id:id
aeat_mod390_2024_sub02_export_line_01,"left",,,,,,"aeat_mod390_2024_sub02_export_config","string",,"<T","Constante: <T","1","2",
aeat_mod390_2024_sub02_export_line_02,"left",,,,,,"aeat_mod390_2024_sub02_export_config","string",,"390","Constante: 390","2","3",
aeat_mod390_2024_sub02_export_line_03,"left",,,,,,"aeat_mod390_2024_sub02_export_config","string",,"02","Página","3","2",
aeat_mod390_2024_sub02_export_line_04,"left",,,,,,"aeat_mod390_2024_sub02_export_config","string",,"000>","Constante: 000>","4","4",
aeat_mod390_2024_sub02_export_line_05,"left",,,,,,"aeat_mod390_2024_sub02_export_config","string",,,"Indicador de página complementaria: En blanco","5","1",
aeat_mod390_2024_sub02_export_line_06,"right","True",,,,"2","aeat_mod390_2024_sub02_export_config","float","${object.tax_line_ids.filtered(lambda r: r.field_number == 700).amount}",,"5. Operaciones Reg. Gral. - Base Imponible y cuota - Reg. ordin. - Tipo 0% - Base imponible [700]","6","17",
aeat_mod390_2024_sub02_export_line_07,"right","True",,,,"2","aeat_mod390_2024_sub02_export_config","float","${object.tax_line_ids.filtered(lambda r: r.field_number == 701).amount}",,"5. Operaciones Reg. Gral. - Base Imponible y cuota - Reg. ordin. - Tipo 0% - Cuota [701]","7","17",
aeat_mod390_2024_sub02_export_line_08,"right","True",,,,"2","aeat_mod390_2024_sub02_export_config","float","${object.tax_line_ids.filtered(lambda r: r.field_number == 667).amount}",,"5. Operaciones Reg. Gral. - Base Imponible y cuota - Reg. ordin. - Tipo 2% - Base imponible [667]","8","17",
aeat_mod390_2024_sub02_export_line_09,"right","True",,,,"2","aeat_mod390_2024_sub02_export_config","float","${object.tax_line_ids.filtered(lambda r: r.field_number == 668).amount}",,"5. Operaciones Reg. Gral. - Base Imponible y cuota - Reg. ordin. - Tipo 2% - Cuota [668]","9","17",
aeat_mod390_2024_sub02_export_line_10,"right","True",,,,"2","aeat_mod390_2024_sub02_export_config","float","${object.tax_line_ids.filtered(lambda r: r.field_number == 1).amount}",,"5. Operaciones Reg. Gral. - Base Imponible y cuota - Reg. ordin. - Tipo 4% - Base imponible [01]","10","17",
aeat_mod390_2024_sub02_export_line_11,"right","True",,,,"2","aeat_mod390_2024_sub02_export_config","float","${object.tax_line_ids.filtered(lambda r: r.field_number == 2).amount}",,"5. Operaciones Reg. Gral. - Base Imponible y cuota - Reg. ordin. - Tipo 4% - Cuota [02]","11","17",
aeat_mod390_2024_sub02_export_line_12,"right","True",,,,"2","aeat_mod390_2024_sub02_export_config","float","${object.tax_line_ids.filtered(lambda r: r.field_number == 702).amount}",,"5. Operaciones Reg. Gral. - Base Imponible y cuota - Reg. ordin. - Tipo 5% - Base imponible [702]","12","17",
aeat_mod390_2024_sub02_export_line_13,"right","True",,,,"2","aeat_mod390_2024_sub02_export_config","float","${object.tax_line_ids.filtered(lambda r: r.field_number == 703).amount}",,"5. Operaciones Reg. Gral. - Base Imponible y cuota - Reg. ordin. - Tipo 5% - Cuota [703]","13","17",
aeat_mod390_2024_sub02_export_line_14,"right","True",,,,"2","aeat_mod390_2024_sub02_export_config","float","${object.tax_line_ids.filtered(lambda r: r.field_number == 669).amount}",,"5. Operaciones Reg. Gral. - Base Imponible y cuota - Reg. ordin. - Tipo 7,5% - Base imponible [669]","14","17",
aeat_mod390_2024_sub02_export_line_15,"right","True",,,,"2","aeat_mod390_2024_sub02_export_config","float","${object.tax_line_ids.filtered(lambda r: r.field_number == 670).amount}",,"5. Operaciones Reg. Gral. - Base Imponible y cuota - Reg. ordin. - Tipo 7,5% - Cuota [670]","15","17",
aeat_mod390_2024_sub02_export_line_16,"right","True",,,,"2","aeat_mod390_2024_sub02_export_config","float","${object.tax_line_ids.filtered(lambda r: r.field_number == 3).amount}",,"5. Operaciones Reg. Gral. - Base Imponible y cuota - Reg. ordin. - Tipo 10% - Base imponible [03]","16","17",
aeat_mod390_2024_sub02_export_line_17,"right","True",,,,"2","aeat_mod390_2024_sub02_export_config","float","${object.tax_line_ids.filtered(lambda r: r.field_number == 4).amount}",,"5. Operaciones Reg. Gral. - Base Imponible y cuota - Reg. ordin. - Tipo 10% - Cuota [04]","17","17",
aeat_mod390_2024_sub02_export_line_18,"right","True",,,,"2","aeat_mod390_2024_sub02_export_config","float","${object.tax_line_ids.filtered(lambda r: r.field_number == 5).amount}",,"5. Operaciones Reg. Gral. - Base Imponible y cuota - Reg. ordin. - Tipo 21% - Base imponible [05]","18","17",
aeat_mod390_2024_sub02_export_line_19,"right","True",,,,"2","aeat_mod390_2024_sub02_export_config","float","${object.tax_line_ids.filtered(lambda r: r.field_number == 6).amount}",,"5. Operaciones Reg. Gral. - Base Imponible y cuota - Reg. ordin. - Tipo 21% - Cuota [06]","19","17",
aeat_mod390_2024_sub02_export_line_20,"right","True",,,,"2","aeat_mod390_2024_sub02_export_config","float",,"0","5. Operaciones Reg. Gral. - Base imponible y cuota - operaciones intragrupo - Tipo 0% - Base imponible [704]","20","17",
aeat_mod390_2024_sub02_export_line_21,"right","True",,,,"2","aeat_mod390_2024_sub02_export_config","float",,"0","5. Operaciones Reg. Gral. - Base imponible y cuota - operaciones intragrupo - Cuota [705]","21","17",
aeat_mod390_2024_sub02_export_line_22,"right","True",,,,"2","aeat_mod390_2024_sub02_export_config","float",,"0","5. Operaciones Reg. Gral. - Base imponible y cuota - operaciones intragrupo - Tipo 2% - Base imponible [671]","22","17",
aeat_mod390_2024_sub02_export_line_23,"right","True",,,,"2","aeat_mod390_2024_sub02_export_config","float",,"0","5. Operaciones Reg. Gral. - Base imponible y cuota - operaciones intragrupo - Tipo 2% - Cuota [672]","23","17",
aeat_mod390_2024_sub02_export_line_24,"right","True",,,,"2","aeat_mod390_2024_sub02_export_config","float",,"0","5. Operaciones Reg. Gral. - Base imponible y cuota - operaciones intragrupo - Tipo 4% - Base imponible [500]","24","17",
aeat_mod390_2024_sub02_export_line_25,"right","True",,,,"2","aeat_mod390_2024_sub02_export_config","float",,"0","5. Operaciones Reg. Gral. - Base imponible y cuota - operaciones intragrupo - Tipo 4% - Cuota [501]","25","17",
aeat_mod390_2024_sub02_export_line_26,"right","True",,,,"2","aeat_mod390_2024_sub02_export_config","float",,"0","5. Operaciones Reg. Gral. - Base imponible y cuota - operaciones intragrupo - Tipo 5% - Base imponible [706]","26","17",
aeat_mod390_2024_sub02_export_line_27,"right","True",,,,"2","aeat_mod390_2024_sub02_export_config","float",,"0","5. Operaciones Reg. Gral. - Base imponible y cuota - operaciones intragrupo - Tipo 5% - Cuota [707]","27","17",
aeat_mod390_2024_sub02_export_line_28,"right","True",,,,"2","aeat_mod390_2024_sub02_export_config","float",,"0","5. Operaciones Reg. Gral. - Base imponible y cuota - operaciones intragrupo - Tipo 7,5% - Base imponible [673]","28","17",
aeat_mod390_2024_sub02_export_line_29,"right","True",,,,"2","aeat_mod390_2024_sub02_export_config","float",,"0","5. Operaciones Reg. Gral. - Base imponible y cuota - operaciones intragrupo - Tipo 7,5% - Cuota [674]","29","17",
aeat_mod390_2024_sub02_export_line_30,"right","True",,,,"2","aeat_mod390_2024_sub02_export_config","float",,"0","5. Operaciones Reg. Gral. - Base imponible y cuota - operaciones intragrupo - Tipo 10% - Base imponible [502]","30","17",
aeat_mod390_2024_sub02_export_line_31,"right","True",,,,"2","aeat_mod390_2024_sub02_export_config","float",,"0","5. Operaciones Reg. Gral. - Base imponible y cuota - operaciones intragrupo - Tipo 10% - Cuota [503]","31","17",
aeat_mod390_2024_sub02_export_line_32,"right","True",,,,"2","aeat_mod390_2024_sub02_export_config","float",,"0","5. Operaciones Reg. Gral. - Base imponible y cuota - operaciones intragrupo - Tipo 21% - Base imponible [504]","32","17",
aeat_mod390_2024_sub02_export_line_33,"right","True",,,,"2","aeat_mod390_2024_sub02_export_config","float",,"0","5. Operaciones Reg. Gral. - Base imponible y cuota - operaciones intragrupo - Tipo 21% - Cuota [505]","33","17",
aeat_mod390_2024_sub02_export_line_34,"right","True",,,,"2","aeat_mod390_2024_sub02_export_config","float",,"0","5. Operaciones Reg. Gral. - Base imponible y cuota - regimen especial criterio caja - Tipo 0% - Base imponible [708]","34","17",
aeat_mod390_2024_sub02_export_line_35,"right","True",,,,"2","aeat_mod390_2024_sub02_export_config","float",,"0","5. Operaciones Reg. Gral. - Base imponible y cuota - regimen especial criterio caja - Tipo 0% - Cuota [709]","35","17",
aeat_mod390_2024_sub02_export_line_36,"right","True",,,,"2","aeat_mod390_2024_sub02_export_config","float",,"0","5. Operaciones Reg. Gral. - Base imponible y cuota - regimen especial criterio caja - Tipo 2% - Base imponible [675]","36","17",
aeat_mod390_2024_sub02_export_line_37,"right","True",,,,"2","aeat_mod390_2024_sub02_export_config","float",,"0","5. Operaciones Reg. Gral. - Base imponible y cuota - regimen especial criterio caja - Tipo 2% - Cuota [676]","37","17",
aeat_mod390_2024_sub02_export_line_38,"right","True",,,,"2","aeat_mod390_2024_sub02_export_config","float",,"0","5. Operaciones Reg. Gral. - Base imponible y cuota - regimen especial criterio caja - Tipo 4% - Base imponible [643]","38","17",
aeat_mod390_2024_sub02_export_line_39,"right","True",,,,"2","aeat_mod390_2024_sub02_export_config","float",,"0","5. Operaciones Reg. Gral. - Base imponible y cuota - regimen especial criterio caja - Tipo 4% - Cuota [644]","39","17",
aeat_mod390_2024_sub02_export_line_40,"right","True",,,,"2","aeat_mod390_2024_sub02_export_config","float",,"0","5. Operaciones Reg. Gral. - Base imponible y cuota - regimen especial criterio caja - Tipo 5% - Base imponible [710]","40","17",
aeat_mod390_2024_sub02_export_line_41,"right","True",,,,"2","aeat_mod390_2024_sub02_export_config","float",,"0","5. Operaciones Reg. Gral. - Base imponible y cuota - regimen especial criterio caja - Tipo 5% - Cuota [711]","41","17",
aeat_mod390_2024_sub02_export_line_42,"right","True",,,,"2","aeat_mod390_2024_sub02_export_config","float",,"0","5. Operaciones Reg. Gral. - Base imponible y cuota - regimen especial criterio caja - Tipo 7,5% - Base imponible [677]","42","17",
aeat_mod390_2024_sub02_export_line_43,"right","True",,,,"2","aeat_mod390_2024_sub02_export_config","float",,"0","5. Operaciones Reg. Gral. - Base imponible y cuota - regimen especial criterio caja - Tipo 7,5% - Cuota [678]","43","17",
aeat_mod390_2024_sub02_export_line_44,"right","True",,,,"2","aeat_mod390_2024_sub02_export_config","float",,"0","5. Operaciones Reg. Gral. - Base imponible y cuota - regimen especial criterio caja - Tipo 10% - Base imponible [645]","44","17",
aeat_mod390_2024_sub02_export_line_45,"right","True",,,,"2","aeat_mod390_2024_sub02_export_config","float",,"0","5. Operaciones Reg. Gral. - Base imponible y cuota - regimen especial criterio caja - Tipo 10% - Cuota [646]","45","17",
aeat_mod390_2024_sub02_export_line_46,"right","True",,,,"2","aeat_mod390_2024_sub02_export_config","float",,"0","5. Operaciones Reg. Gral. - Base imponible y cuota - regimen especial criterio caja - Tipo 21% - Base imponible [647]","46","17",
aeat_mod390_2024_sub02_export_line_47,"right","True",,,,"2","aeat_mod390_2024_sub02_export_config","float",,"0","5. Operaciones Reg. Gral. - Base imponible y cuota - regimen especial criterio caja - Tipo 21% - Cuota [648]","47","17",
aeat_mod390_2024_sub02_export_line_48,"right","True",,,,"2","aeat_mod390_2024_sub02_export_config","float",,"0","5. Operaciones Reg. Gral. - Base Imponible y cuota - Reg. espec. bienes usados - Tipo 0% - Base imponible [712]","48","17",
aeat_mod390_2024_sub02_export_line_49,"right","True",,,,"2","aeat_mod390_2024_sub02_export_config","float",,"0","5. Operaciones Reg. Gral. - Base Imponible y cuota - Reg. espec. bienes usados - Tipo 0% - Cuota [713]","49","17",
aeat_mod390_2024_sub02_export_line_50,"right","True",,,,"2","aeat_mod390_2024_sub02_export_config","float",,"0","5. Operaciones Reg. Gral. - Base Imponible y cuota - Reg. espec. bienes usados - Tipo 2% - Base imponible [679]","50","17",
aeat_mod390_2024_sub02_export_line_51,"right","True",,,,"2","aeat_mod390_2024_sub02_export_config","float",,"0","5. Operaciones Reg. Gral. - Base Imponible y cuota - Reg. espec. bienes usados - Tipo 2% - Cuota [680]","51","17",
aeat_mod390_2024_sub02_export_line_52,"right","True",,,,"2","aeat_mod390_2024_sub02_export_config","float",,"0","5. Operaciones Reg. Gral. - Base Imponible y cuota - Reg. espec. bienes usados - Tipo 4% - Base imponible [07]","52","17",
aeat_mod390_2024_sub02_export_line_53,"right","True",,,,"2","aeat_mod390_2024_sub02_export_config","float",,"0","5. Operaciones Reg. Gral. - Base Imponible y cuota - Reg. espec. bienes usados - Tipo 4% - Cuota [08]","53","17",
aeat_mod390_2024_sub02_export_line_54,"right","True",,,,"2","aeat_mod390_2024_sub02_export_config","float",,"0","5. Operaciones Reg. Gral. - Base Imponible y cuota - Reg. espec. bienes usados - Tipo 5% - Base imponible [714]","54","17",
aeat_mod390_2024_sub02_export_line_55,"right","True",,,,"2","aeat_mod390_2024_sub02_export_config","float",,"0","5. Operaciones Reg. Gral. - Base Imponible y cuota - Reg. espec. bienes usados - Tipo 5% - Cuota [715]","55","17",
aeat_mod390_2024_sub02_export_line_56,"right","True",,,,"2","aeat_mod390_2024_sub02_export_config","float",,"0","5. Operaciones Reg. Gral. - Base Imponible y cuota - Reg. espec. bienes usados - Tipo 7,5% - Base imponible [681]","56","17",
aeat_mod390_2024_sub02_export_line_57,"right","True",,,,"2","aeat_mod390_2024_sub02_export_config","float",,"0","5. Operaciones Reg. Gral. - Base Imponible y cuota - Reg. espec. bienes usados - Tipo 7,5% - Cuota [682]","57","17",
aeat_mod390_2024_sub02_export_line_58,"right","True",,,,"2","aeat_mod390_2024_sub02_export_config","float",,"0","5. Operaciones Reg. Gral. - Base Imponible y cuota - Reg. espec. bienes usados - Tipo 10% - Base imponible [09]","58","17",
aeat_mod390_2024_sub02_export_line_59,"right","True",,,,"2","aeat_mod390_2024_sub02_export_config","float",,"0","5. Operaciones Reg. Gral. - Base Imponible y cuota - Reg. espec. bienes usados - Tipo 10% - Cuota [10]","59","17",
aeat_mod390_2024_sub02_export_line_60,"right","True",,,,"2","aeat_mod390_2024_sub02_export_config","float",,"0","5. Operaciones Reg. Gral. - Base Imponible y cuota - Reg. espec. bienes usados - Base imponible [11]","60","17",
aeat_mod390_2024_sub02_export_line_61,"right","True",,,,"2","aeat_mod390_2024_sub02_export_config","float",,"0","5. Operaciones Reg. Gral. - Base Imponible y cuota - Reg. espec. bienes usados - Cuota [12]","61","17",
aeat_mod390_2024_sub02_export_line_62,"right","True",,,,"2","aeat_mod390_2024_sub02_export_config","float",,"0","5. Operaciones Reg. Gral. - Base Imponible y cuota - Reg. espec. agencias viajes - Tipo 21% - Base imponible [13]","62","17",
aeat_mod390_2024_sub02_export_line_63,"right","True",,,,"2","aeat_mod390_2024_sub02_export_config","float",,"0","5. Operaciones Reg. Gral. - Base Imponible y cuota - Reg. espec. agencias viajes - Tipo 21% - Cuota [14]","63","17",
aeat_mod390_2024_sub02_export_line_64,"right","True",,,,"2","aeat_mod390_2024_sub02_export_config","float","${object.tax_line_ids.filtered(lambda r: r.field_number == 716).amount}",,"5. Operaciones Reg. Gral. - Base Imponible y cuota - Adquis. intracomunit. bienes - Tipo 0% - Base imponible [716]","64","17",
aeat_mod390_2024_sub02_export_line_65,"right","True",,,,"2","aeat_mod390_2024_sub02_export_config","float","${object.tax_line_ids.filtered(lambda r: r.field_number == 717).amount}",,"5. Operaciones Reg. Gral. - Base Imponible y cuota - Adquis. intracomunit. bienes - Tipo 0% - Cuota [717]","65","17",
aeat_mod390_2024_sub02_export_line_66,"right","True",,,,"2","aeat_mod390_2024_sub02_export_config","float","${object.tax_line_ids.filtered(lambda r: r.field_number == 683).amount}",,"5. Operaciones Reg. Gral. - Base Imponible y cuota - Adquis. intracomunit. bienes - Tipo 2% - Base imponible [683]","66","17",
aeat_mod390_2024_sub02_export_line_67,"right","True",,,,"2","aeat_mod390_2024_sub02_export_config","float","${object.tax_line_ids.filtered(lambda r: r.field_number == 684).amount}",,"5. Operaciones Reg. Gral. - Base Imponible y cuota - Adquis. intracomunit. bienes - Tipo 2% - Cuota [684]","67","17",
aeat_mod390_2024_sub02_export_line_68,"right","True",,,,"2","aeat_mod390_2024_sub02_export_config","float","${object.tax_line_ids.filtered(lambda r: r.field_number == 21).amount}",,"5. Operaciones Reg. Gral. - Base Imponible y cuota - Adquis. intracomunit. bienes - Tipo 4% - Base imponible [21]","68","17",
aeat_mod390_2024_sub02_export_line_69,"right","True",,,,"2","aeat_mod390_2024_sub02_export_config","float","${object.tax_line_ids.filtered(lambda r: r.field_number == 22).amount}",,"5. Operaciones Reg. Gral. - Base Imponible y cuota - Adquis. intracomunit. bienes - Tipo 4% - Cuota [22]","69","17",
aeat_mod390_2024_sub02_export_line_70,"right","True",,,,"2","aeat_mod390_2024_sub02_export_config","float","${object.tax_line_ids.filtered(lambda r: r.field_number == 718).amount}",,"5. Operaciones Reg. Gral. - Base Imponible y cuota - Adquis. intracomunit. bienes - Tipo 5% - Base imponible [718]","70","17",
aeat_mod390_2024_sub02_export_line_71,"right","True",,,,"2","aeat_mod390_2024_sub02_export_config","float","${object.tax_line_ids.filtered(lambda r: r.field_number == 719).amount}",,"5. Operaciones Reg. Gral. - Base Imponible y cuota - Adquis. intracomunit. bienes - Tipo 5% - Base imponible [719]","71","17",
aeat_mod390_2024_sub02_export_line_72,"right","True",,,,"2","aeat_mod390_2024_sub02_export_config","float","${object.tax_line_ids.filtered(lambda r: r.field_number == 685).amount}",,"5. Operaciones Reg. Gral. - Base Imponible y cuota - Adquis. intracomunit. bienes - Tipo 7,5% - Base imponible [685]","72","17",
aeat_mod390_2024_sub02_export_line_73,"right","True",,,,"2","aeat_mod390_2024_sub02_export_config","float","${object.tax_line_ids.filtered(lambda r: r.field_number == 686).amount}",,"5. Operaciones Reg. Gral. - Base Imponible y cuota - Adquis. intracomunit. bienes - Tipo 7,5% - Cuota [686]","73","17",
aeat_mod390_2024_sub02_export_line_74,"right","True",,,,"2","aeat_mod390_2024_sub02_export_config","float","${object.tax_line_ids.filtered(lambda r: r.field_number == 23).amount}",,"5. Operaciones Reg. Gral. - Base Imponible y cuota - Adquis. intracomunit. bienes - Tipo 10% - Base imponible [23]","74","17",
aeat_mod390_2024_sub02_export_line_75,"right","True",,,,"2","aeat_mod390_2024_sub02_export_config","float","${object.tax_line_ids.filtered(lambda r: r.field_number == 24).amount}",,"5. Operaciones Reg. Gral. - Base Imponible y cuota - Adquis. intracomunit. bienes - Tipo 10% - Cuota [24]","75","17",
aeat_mod390_2024_sub02_export_line_76,"right","True",,,,"2","aeat_mod390_2024_sub02_export_config","float","${object.tax_line_ids.filtered(lambda r: r.field_number == 25).amount}",,"5. Operaciones Reg. Gral. - Base Imponible y cuota - Adquis. intracomunit. bienes - Tipo 21% - Base imponible [25]","76","17",
aeat_mod390_2024_sub02_export_line_77,"right","True",,,,"2","aeat_mod390_2024_sub02_export_config","float","${object.tax_line_ids.filtered(lambda r: r.field_number == 26).amount}",,"5. Operaciones Reg. Gral. - Base Imponible y cuota - Adquis. intracomunit. bienes - Tipo 21% - Cuota [26]","77","17",
aeat_mod390_2024_sub02_export_line_78,"right","True",,,,"2","aeat_mod390_2024_sub02_export_config","float","${object.tax_line_ids.filtered(lambda r: r.field_number == 720).amount}",,"5. Operaciones Reg. Gral. - Base Imponible y cuota - Adquis. intracomunit. servicios - Tipo 0% - Base Imponible [720]","78","17",
aeat_mod390_2024_sub02_export_line_79,"right","True",,,,"2","aeat_mod390_2024_sub02_export_config","float","${object.tax_line_ids.filtered(lambda r: r.field_number == 721).amount}",,"5. Operaciones Reg. Gral. - Base Imponible y cuota - Adquis. intracomunit. servicios - Tipo 0% - Cuota [721]","79","17",
aeat_mod390_2024_sub02_export_line_80,"right","True",,,,"2","aeat_mod390_2024_sub02_export_config","float","${object.tax_line_ids.filtered(lambda r: r.field_number == 687).amount}",,"5. Operaciones Reg. Gral. - Base Imponible y cuota - Adquis. intracomunit. servicios - Tipo 2% - Base Imponible [687]","80","17",
aeat_mod390_2024_sub02_export_line_81,"right","True",,,,"2","aeat_mod390_2024_sub02_export_config","float","${object.tax_line_ids.filtered(lambda r: r.field_number == 688).amount}",,"5. Operaciones Reg. Gral. - Base Imponible y cuota - Adquis. intracomunit. servicios - Tipo 2% - Cuota [688]","81","17",
aeat_mod390_2024_sub02_export_line_82,"right","True",,,,"2","aeat_mod390_2024_sub02_export_config","float","${object.tax_line_ids.filtered(lambda r: r.field_number == 545).amount}",,"5. Operaciones Reg. Gral. - Base Imponible y cuota - Adquis. intracomunit. servicios - Tipo 4% - Base Imponible [545]","82","17",
aeat_mod390_2024_sub02_export_line_83,"right","True",,,,"2","aeat_mod390_2024_sub02_export_config","float","${object.tax_line_ids.filtered(lambda r: r.field_number == 546).amount}",,"5. Operaciones Reg. Gral. - Base Imponible y cuota - Adquis. intracomunit. servicios - Tipo 4% - Cuota [546]","83","17",
aeat_mod390_2024_sub02_export_line_84,"right","True",,,,"2","aeat_mod390_2024_sub02_export_config","float","${object.tax_line_ids.filtered(lambda r: r.field_number == 722).amount}",,"5. Operaciones Reg. Gral. - Base Imponible y cuota - Adquis. intracomunit. servicios - Tipo 5% - Base Imponible [722]","84","17",
aeat_mod390_2024_sub02_export_line_85,"right","True",,,,"2","aeat_mod390_2024_sub02_export_config","float","${object.tax_line_ids.filtered(lambda r: r.field_number == 723).amount}",,"5. Operaciones Reg. Gral. - Base Imponible y cuota - Adquis. intracomunit. servicios - Tipo 5% - Cuota [723]","85","17",
aeat_mod390_2024_sub02_export_line_86,"right","True",,,,"2","aeat_mod390_2024_sub02_export_config","float","${object.tax_line_ids.filtered(lambda r: r.field_number == 689).amount}",,"5. Operaciones Reg. Gral. - Base Imponible y cuota - Adquis. intracomunit. servicios - Tipo 7,5% - Base Imponible [689]","86","17",
aeat_mod390_2024_sub02_export_line_87,"right","True",,,,"2","aeat_mod390_2024_sub02_export_config","float","${object.tax_line_ids.filtered(lambda r: r.field_number == 690).amount}",,"5. Operaciones Reg. Gral. - Base Imponible y cuota - Adquis. intracomunit. servicios - Tipo 7,5% - Cuota [690]","87","17",
aeat_mod390_2024_sub02_export_line_88,"right","True",,,,"2","aeat_mod390_2024_sub02_export_config","float","${object.tax_line_ids.filtered(lambda r: r.field_number == 547).amount}",,"5. Operaciones Reg. Gral. - Base Imponible y cuota - Adquis. intracomunit. servicios - Tipo 10% - Base Imponible [547]","88","17",
aeat_mod390_2024_sub02_export_line_89,"right","True",,,,"2","aeat_mod390_2024_sub02_export_config","float","${object.tax_line_ids.filtered(lambda r: r.field_number == 548).amount}",,"5. Operaciones Reg. Gral. - Base Imponible y cuota - Adquis. intracomunit. servicios - Tipo 10% - Cuota [548]","89","17",
aeat_mod390_2024_sub02_export_line_90,"right","True",,,,"2","aeat_mod390_2024_sub02_export_config","float","${object.tax_line_ids.filtered(lambda r: r.field_number == 551).amount}",,"5. Operaciones Reg. Gral. - Base Imponible y cuota - Adquis. intracomunit. servicios - Tipo 21% - Base Imponible [551]","90","17",
aeat_mod390_2024_sub02_export_line_91,"right","True",,,,"2","aeat_mod390_2024_sub02_export_config","float","${object.tax_line_ids.filtered(lambda r: r.field_number == 552).amount}",,"5. Operaciones Reg. Gral. - Base Imponible y cuota - Adquis. intracomunit. servicios - Tipo 21% - Cuota [552]","91","17",
aeat_mod390_2024_sub02_export_line_92,"right","True",,,,"2","aeat_mod390_2024_sub02_export_config","float","${object.tax_line_ids.filtered(lambda r: r.field_number == 27).amount}",,"5. Operaciones Reg. Gral. - Base Imponible y cuota - IVA deveng. invers. sujeto pasivo - Base imponible [27]","92","17",
aeat_mod390_2024_sub02_export_line_93,"right","True",,,,"2","aeat_mod390_2024_sub02_export_config","float","${object.tax_line_ids.filtered(lambda r: r.field_number == 28).amount}",,"5. Operaciones Reg. Gral. - Base Imponible y cuota - IVA deveng. invers. sujeto pasivo - Cuota [28]","93","17",
aeat_mod390_2024_sub02_export_line_94,"right","True",,,,"2","aeat_mod390_2024_sub02_export_config","float","${sum(object.tax_line_ids.filtered(lambda r: r.field_number == 29).mapped('amount'))}",,"5. Operaciones Reg. Gral. - Base Imponible y cuota - Modificac. bases y cuotas - Base imponible [29]","94","17",
aeat_mod390_2024_sub02_export_line_95,"right","True",,,,"2","aeat_mod390_2024_sub02_export_config","float","${sum(object.tax_line_ids.filtered(lambda r: r.field_number == 30).mapped('amount'))}",,"5. Operaciones Reg. Gral. - Base Imponible y cuota - Modificac. bases y cuotas - Cuota [30]","95","17",
aeat_mod390_2024_sub02_export_line_96,"right","True",,,,"2","aeat_mod390_2024_sub02_export_config","float",,"0","5. Operaciones Reg. Gral. - Base Imponible y cuota - Modificac. bases y cuotas intragrupo - Cuota [649]","96","17",
aeat_mod390_2024_sub02_export_line_97,"right","True",,,,"2","aeat_mod390_2024_sub02_export_config","float",,"0","5. Operaciones Reg. Gral. - Base Imponible y cuota - Modificac. bases y cuotas intragrupo - Cuota [650]","97","17",
aeat_mod390_2024_sub02_export_line_98,"right","True",,,,"2","aeat_mod390_2024_sub02_export_config","float",,"0","5. Operaciones Reg. Gral. - Base Imponible y cuota - Modificac. bases/cuotas concurso acreedores - Base imponible [31]","98","17",
aeat_mod390_2024_sub02_export_line_99,"right","True",,,,"2","aeat_mod390_2024_sub02_export_config","float",,"0","5. Operaciones Reg. Gral. - Base Imponible y cuota - Modificac. bases/cuotas concurso acreedores - Cuota [32]","99","17",
aeat_mod390_2024_sub02_export_line_100,"right","True",,,,"2","aeat_mod390_2024_sub02_export_config","float","${object.casilla_33}",,"5. Operaciones Reg. Gral. - Base Imponible y cuota - Total bases y cuotas IVA - Base imponible [33]","100","17",
aeat_mod390_2024_sub02_export_line_101,"right","True",,,,"2","aeat_mod390_2024_sub02_export_config","float","${object.casilla_34}",,"5. Operaciones Reg. Gral. - Base Imponible y cuota - Total bases y cuotas IVA - Cuota [34]","101","17",
aeat_mod390_2024_sub02_export_line_102,"left",,,,,,"aeat_mod390_2024_sub02_export_config","string",,,"Reservado para la A.E.A.T. (Dejar en blanco)","102","150",
aeat_mod390_2024_sub02_export_line_103,"left",,,,,,"aeat_mod390_2024_sub02_export_config","string",,"</T39002000>","Indicador de fin de registro: </T39002000>","103","12",
aeat_mod390_2024_sub02_bis_export_line_01,"left",,,,,,"aeat_mod390_2024_sub02_bis_export_config","string",,"<T","Constante: <T","1","2",
aeat_mod390_2024_sub02_bis_export_line_02,"left",,,,,,"aeat_mod390_2024_sub02_bis_export_config","string",,"390","Constante: 390","2","3",
aeat_mod390_2024_sub02_bis_export_line_03,"left",,,,,,"aeat_mod390_2024_sub02_bis_export_config","string",,"02B00","Página","3","5",
aeat_mod390_2024_sub02_bis_export_line_04,"left",,,,,,"aeat_mod390_2024_sub02_bis_export_config","string",,">","Constante: 000>","4","1",
aeat_mod390_2024_sub02_bis_export_line_05,"left",,,,,,"aeat_mod390_2024_sub02_bis_export_config","string",,,"Indicador de página complementaria: En blanco","5","1",
aeat_mod390_2024_sub02_bis_export_line_06,"right","True",,,,"2","aeat_mod390_2024_sub02_bis_export_config","float","${object.tax_line_ids.filtered(lambda r: r.field_number == 663).amount}",,"5. Operaciones Reg. Gral. - Base Imponible y cuota - Recargo de equivalencia - Tipo 0% - Base imponible [663]","6","17",
aeat_mod390_2024_sub02_bis_export_line_07,"right","True",,,,"2","aeat_mod390_2024_sub02_bis_export_config","float","${object.tax_line_ids.filtered(lambda r: r.field_number == 664).amount}",,"5. Operaciones Reg. Gral. - Base Imponible y cuota - Recargo de equivalencia - Tipo 0% - Cuota [664]","7","17",
aeat_mod390_2024_sub02_bis_export_line_08,"right","True",,,,"2","aeat_mod390_2024_sub02_bis_export_config","float","${object.tax_line_ids.filtered(lambda r: r.field_number == 691).amount}",,"5. Operaciones Reg. Gral. - Base Imponible y cuota - Recargo de equivalencia - Tipo 0,26% - Base imponible [691]","8","17",
aeat_mod390_2024_sub02_bis_export_line_09,"right","True",,,,"2","aeat_mod390_2024_sub02_bis_export_config","float","${object.tax_line_ids.filtered(lambda r: r.field_number == 692).amount}",,"5. Operaciones Reg. Gral. - Base Imponible y cuota - Recargo de equivalencia - Tipo 0,26% - Cuota [692]","9","17",
aeat_mod390_2024_sub02_bis_export_line_10,"right","True",,,,"2","aeat_mod390_2024_sub02_bis_export_config","float","${object.tax_line_ids.filtered(lambda r: r.field_number == 35).amount}",,"5. Operaciones Reg. Gral. - Base Imponible y cuota - Recargo de equivalencia - Tipo 0,5% - Base imponible [35]","10","17",
aeat_mod390_2024_sub02_bis_export_line_11,"right","True",,,,"2","aeat_mod390_2024_sub02_bis_export_config","float","${object.tax_line_ids.filtered(lambda r: r.field_number == 36).amount}",,"5. Operaciones Reg. Gral. - Base Imponible y cuota - Recargo de equivalencia - Tipo 0,5% - Cuota [36]","11","17",
aeat_mod390_2024_sub02_bis_export_line_12,"right","True",,,,"2","aeat_mod390_2024_sub02_bis_export_config","float","${object.tax_line_ids.filtered(lambda r: r.field_number == 665).amount}",,"5. Operaciones Reg. Gral. - Base Imponible y cuota - Recargo de equivalencia - Tipo 0,62% - Base imponible [665]","12","17",
aeat_mod390_2024_sub02_bis_export_line_13,"right","True",,,,"2","aeat_mod390_2024_sub02_bis_export_config","float","${object.tax_line_ids.filtered(lambda r: r.field_number == 666).amount}",,"5. Operaciones Reg. Gral. - Base Imponible y cuota - Recargo de equivalencia - Tipo 0,62% - Cuota [666]","13","17",
aeat_mod390_2024_sub02_bis_export_line_14,"right","True",,,,"2","aeat_mod390_2024_sub02_bis_export_config","float","${object.tax_line_ids.filtered(lambda r: r.field_number == 693).amount}",,"5. Operaciones Reg. Gral. - Base Imponible y cuota - Recargo de equivalencia - Tipo 1% - Base imponible [693]","14","17",
aeat_mod390_2024_sub02_bis_export_line_15,"right","True",,,,"2","aeat_mod390_2024_sub02_bis_export_config","float","${object.tax_line_ids.filtered(lambda r: r.field_number == 694).amount}",,"5. Operaciones Reg. Gral. - Base Imponible y cuota - Recargo de equivalencia - Tipo 1% - Cuota [694]","15","17",
aeat_mod390_2024_sub02_bis_export_line_16,"right","True",,,,"2","aeat_mod390_2024_sub02_bis_export_config","float","${object.tax_line_ids.filtered(lambda r: r.field_number == 599).amount}",,"5. Operaciones Reg. Gral. - Base Imponible y cuota - Recargo de equivalencia - Tipo 1,4% - Base imponible [599]","16","17",
aeat_mod390_2024_sub02_bis_export_line_17,"right","True",,,,"2","aeat_mod390_2024_sub02_bis_export_config","float","${object.tax_line_ids.filtered(lambda r: r.field_number == 600).amount}",,"5. Operaciones Reg. Gral. - Base Imponible y cuota - Recargo de equivalencia - Tipo 1,4% - Cuota [600]","17","17",
aeat_mod390_2024_sub02_bis_export_line_18,"right","True",,,,"2","aeat_mod390_2024_sub02_bis_export_config","float","${object.tax_line_ids.filtered(lambda r: r.field_number == 601).amount}",,"5. Operaciones Reg. Gral. - Base Imponible y cuota - Recargo de equivalencia - Tipo 5,2% - Base imponible [601]","18","17",
aeat_mod390_2024_sub02_bis_export_line_19,"right","True",,,,"2","aeat_mod390_2024_sub02_bis_export_config","float","${object.tax_line_ids.filtered(lambda r: r.field_number == 602).amount}",,"5. Operaciones Reg. Gral. - Base Imponible y cuota - Recargo de equivalencia - Tipo 5,2% - Cuota [602]","19","17",
aeat_mod390_2024_sub02_bis_export_line_20,"right","True",,,,"2","aeat_mod390_2024_sub02_bis_export_config","float","${object.tax_line_ids.filtered(lambda r: r.field_number == 41).amount}",,"5. Operaciones Reg. Gral. - Base Imponible y cuota - Recargo de equivalencia - Tipo 1,75% - Base imponible [41]","20","17",
aeat_mod390_2024_sub02_bis_export_line_21,"right","True",,,,"2","aeat_mod390_2024_sub02_bis_export_config","float","${object.tax_line_ids.filtered(lambda r: r.field_number == 42).amount}",,"5. Operaciones Reg. Gral. - Base Imponible y cuota - Recargo de equivalencia - Tipo 1,75% - Cuota [42]","21","17",
aeat_mod390_2024_sub02_bis_export_line_22,"right","True",,,,"2","aeat_mod390_2024_sub02_bis_export_config","float","${object.tax_line_ids.filtered(lambda r: r.field_number == 43).amount}",,"5. Operaciones Reg. Gral. - Base Imponible y cuota - Modific. recargo equivalencia - Base imponible [43]","22","17",
aeat_mod390_2024_sub02_bis_export_line_23,"right","True",,,,"2","aeat_mod390_2024_sub02_bis_export_config","float","${object.tax_line_ids.filtered(lambda r: r.field_number == 44).amount}",,"5. Operaciones Reg. Gral. - Base Imponible y cuota - Modific. recargo equivalencia - Cuota [44]","23","17",
aeat_mod390_2024_sub02_bis_export_line_24,"right","True",,,,"2","aeat_mod390_2024_sub02_bis_export_config","float",,"0","5. Operaciones Reg. Gral. - Base Imponible y cuota - Modific. recargo equiv. Concurso acreedores - Base imponible [45]","24","17",
aeat_mod390_2024_sub02_bis_export_line_25,"right","True",,,,"2","aeat_mod390_2024_sub02_bis_export_config","float",,"0","5. Operaciones Reg. Gral. - Base Imponible y cuota - Modific. recargo equiv. Concurso acreedores - Cuota [46]","25","17",
aeat_mod390_2024_sub02_bis_export_line_26,"right","True",,,,"2","aeat_mod390_2024_sub02_bis_export_config","float","${object.casilla_47}",,"5. Operaciones Reg. Gral. - Base Imponible y cuota - Total cuotas IVA y recargo equivalencia [47]","26","17",
aeat_mod390_2024_sub02_bis_export_line_27,"left",,,,,,"aeat_mod390_2024_sub02_bis_export_config","string",,,"Reservado para la A.E.A.T. (Dejar en blanco)","27","150",
aeat_mod390_2024_sub02_bis_export_line_28,"left",,,,,,"aeat_mod390_2024_sub02_bis_export_config","string",,"</T39002B00>","Indicador de fin de registro: </T39002B00>","28","12",
aeat_mod390_2024_sub03_export_line_01,"left",,,,,,"aeat_mod390_2024_sub03_export_config","string",,"<T","Constante: <T","1","2",
aeat_mod390_2024_sub03_export_line_02,"left",,,,,,"aeat_mod390_2024_sub03_export_config","string",,"390","Constante: 390","2","3",
aeat_mod390_2024_sub03_export_line_03,"left",,,,,,"aeat_mod390_2024_sub03_export_config","string",,"03","Página","3","2",
aeat_mod390_2024_sub03_export_line_04,"left",,,,,,"aeat_mod390_2024_sub03_export_config","string",,"000>","Constante: 000>","4","4",
aeat_mod390_2024_sub03_export_line_05,"left",,,,,,"aeat_mod390_2024_sub03_export_config","string",,,"Indicador de página complementaria: En blanco","5","1",
aeat_mod390_2024_sub03_export_line_06,"right","True",,,,"2","aeat_mod390_2024_sub03_export_config","float","${object.tax_line_ids.filtered(lambda r: r.field_number == 695).amount}",,"5. Operaciones Reg. Gral. - IVA deducible - Oper. inter. corrientes bienes y servic. - Tipo 2% - Base imponible [695]","6","17",
aeat_mod390_2024_sub03_export_line_07,"right","True",,,,"2","aeat_mod390_2024_sub03_export_config","float","${object.tax_line_ids.filtered(lambda r: r.field_number == 696).amount}",,"5. Operaciones Reg. Gral. - IVA deducible - Oper. inter. corrientes bienes y servic. - Tipo 2% - Cuota [696]","7","17",
aeat_mod390_2024_sub03_export_line_08,"right","True",,,,"2","aeat_mod390_2024_sub03_export_config","float","${object.tax_line_ids.filtered(lambda r: r.field_number == 190).amount}",,"5. Operaciones Reg. Gral. - IVA deducible - Oper. inter. corrientes bienes y servic. - Tipo 4% - Base imponible [190]","8","17",
aeat_mod390_2024_sub03_export_line_09,"right","True",,,,"2","aeat_mod390_2024_sub03_export_config","float","${object.tax_line_ids.filtered(lambda r: r.field_number == 191).amount}",,"5. Operaciones Reg. Gral. - IVA deducible - Oper. inter. corrientes bienes y servic. - Tipo 4% - Cuota [191]","9","17",
aeat_mod390_2024_sub03_export_line_10,"right","True",,,,"2","aeat_mod390_2024_sub03_export_config","float","${object.tax_line_ids.filtered(lambda r: r.field_number == 724).amount}",,"5. Operaciones Reg. Gral. - IVA deducible - Oper. inter. corrientes bienes y servic. - Tipo 5% - Base imponible [724]","10","17",
aeat_mod390_2024_sub03_export_line_11,"right","True",,,,"2","aeat_mod390_2024_sub03_export_config","float","${object.tax_line_ids.filtered(lambda r: r.field_number == 725).amount}",,"5. Operaciones Reg. Gral. - IVA deducible - Oper. inter. corrientes bienes y servic. - Tipo 5% - Cuota [725]","11","17",
aeat_mod390_2024_sub03_export_line_12,"right","True",,,,"2","aeat_mod390_2024_sub03_export_config","float","${object.tax_line_ids.filtered(lambda r: r.field_number == 697).amount}",,"5. Operaciones Reg. Gral. - IVA deducible - Oper. inter. corrientes bienes y servic. - Tipo 7.5% - Base imponible [697]","12","17",
aeat_mod390_2024_sub03_export_line_13,"right","True",,,,"2","aeat_mod390_2024_sub03_export_config","float","${object.tax_line_ids.filtered(lambda r: r.field_number == 698).amount}",,"5. Operaciones Reg. Gral. - IVA deducible - Oper. inter. corrientes bienes y servic. - Tipo 7.5% - Cuota [698]","13","17",
aeat_mod390_2024_sub03_export_line_14,"right","True",,,,"2","aeat_mod390_2024_sub03_export_config","float","${object.tax_line_ids.filtered(lambda r: r.field_number == 603).amount}",,"5. Operaciones Reg. Gral. - IVA deducible - Oper. inter. corrientes bienes y servic. - Tipo 10% - Base imponible [603]","14","17",
aeat_mod390_2024_sub03_export_line_15,"right","True",,,,"2","aeat_mod390_2024_sub03_export_config","float","${object.tax_line_ids.filtered(lambda r: r.field_number == 604).amount}",,"5. Operaciones Reg. Gral. - IVA deducible - Oper. inter. corrientes bienes y servic. - Tipo 10% - Cuota [604]","15","17",
aeat_mod390_2024_sub03_export_line_16,"right","True",,,,"2","aeat_mod390_2024_sub03_export_config","float","${object.tax_line_ids.filtered(lambda r: r.field_number == 605).amount}",,"5. Operaciones Reg. Gral. - IVA deducible - Oper. inter. corrientes bienes y servic. - Tipo 21% - Base imponible [605]","16","17",
aeat_mod390_2024_sub03_export_line_17,"right","True",,,,"2","aeat_mod390_2024_sub03_export_config","float","${object.tax_line_ids.filtered(lambda r: r.field_number == 606).amount}",,"5. Operaciones Reg. Gral. - IVA deducible - Oper. inter. corrientes bienes y servic. - Tipo 21% - Cuota [606]","17","17",
aeat_mod390_2024_sub03_export_line_18,"right","True",,,,"2","aeat_mod390_2024_sub03_export_config","float","${object.casilla_48}",,"5. Operaciones Reg. Gral. - IVA deducible - Total oper. inter. corrientes bienes y servic. - Base imponible [48]","18","17",
aeat_mod390_2024_sub03_export_line_19,"right","True",,,,"2","aeat_mod390_2024_sub03_export_config","float","${object.casilla_49}",,"5. Operaciones Reg. Gral. - IVA deducible - Total oper. inter. corrientes bienes y servic. - Cuota [49]","19","17",
aeat_mod390_2024_sub03_export_line_20,"right","True",,,,"2","aeat_mod390_2024_sub03_export_config","float",,"0","5. Operaciones Reg. Gral. - IVA deducible - Oper. intragrupo corrientes - Tipo 2% - Base imponible [745]","20","17",
aeat_mod390_2024_sub03_export_line_21,"right","True",,,,"2","aeat_mod390_2024_sub03_export_config","float",,"0","5. Operaciones Reg. Gral. - IVA deducible - Oper. intragrupo corrientes - Tipo 2% - Cuota [746]","21","17",
aeat_mod390_2024_sub03_export_line_22,"right","True",,,,"2","aeat_mod390_2024_sub03_export_config","float",,"0","5. Operaciones Reg. Gral. - IVA deducible - Oper. intragrupo corrientes - Tipo 4% - Base imponible [506]","22","17",
aeat_mod390_2024_sub03_export_line_23,"right","True",,,,"2","aeat_mod390_2024_sub03_export_config","float",,"0","5. Operaciones Reg. Gral. - IVA deducible - Oper. intragrupo corrientes - Tipo 4% - Cuota [507]","23","17",
aeat_mod390_2024_sub03_export_line_24,"right","True",,,,"2","aeat_mod390_2024_sub03_export_config","float",,"0","5. Operaciones Reg. Gral. - IVA deducible - Oper. intragrupo corrientes - Tipo 5% - Base imponible [726]","24","17",
aeat_mod390_2024_sub03_export_line_25,"right","True",,,,"2","aeat_mod390_2024_sub03_export_config","float",,"0","5. Operaciones Reg. Gral. - IVA deducible - Oper. intragrupo corrientes - Tipo 5% - Cuota [727]","25","17",
aeat_mod390_2024_sub03_export_line_26,"right","True",,,,"2","aeat_mod390_2024_sub03_export_config","float",,"0","5. Operaciones Reg. Gral. - IVA deducible - Oper. intragrupo corrientes - Tipo 7.5% - Base imponible [747]","26","17",
aeat_mod390_2024_sub03_export_line_27,"right","True",,,,"2","aeat_mod390_2024_sub03_export_config","float",,"0","5. Operaciones Reg. Gral. - IVA deducible - Oper. intragrupo corrientes - Tipo 7.5% - Cuota [748]","27","17",
aeat_mod390_2024_sub03_export_line_28,"right","True",,,,"2","aeat_mod390_2024_sub03_export_config","float",,"0","5. Operaciones Reg. Gral. - IVA deducible - Oper. intragrupo corrientes - Tipo 10% - Base imponible [607]","28","17",
aeat_mod390_2024_sub03_export_line_29,"right","True",,,,"2","aeat_mod390_2024_sub03_export_config","float",,"0","5. Operaciones Reg. Gral. - IVA deducible - Oper. intragrupo corrientes - Tipo 10% - Cuota [608]","29","17",
aeat_mod390_2024_sub03_export_line_30,"right","True",,,,"2","aeat_mod390_2024_sub03_export_config","float",,"0","5. Operaciones Reg. Gral. - IVA deducible - Oper. intragrupo corrientes - Tipo 21% - Base imponible [609]","30","17",
aeat_mod390_2024_sub03_export_line_31,"right","True",,,,"2","aeat_mod390_2024_sub03_export_config","float",,"0","5. Operaciones Reg. Gral. - IVA deducible - Oper. intragrupo corrientes - Tipo 21% - Cuota [610]","31","17",
aeat_mod390_2024_sub03_export_line_32,"right","True",,,,"2","aeat_mod390_2024_sub03_export_config","float",,"0","5. Operaciones Reg. Gral. - IVA deducible - Total oper. intragrupo corrientes - Base imponible [512]","32","17",
aeat_mod390_2024_sub03_export_line_33,"right","True",,,,"2","aeat_mod390_2024_sub03_export_config","float",,"0","5. Operaciones Reg. Gral. - IVA deducible - Total oper. intragrupo corrientes - Cuota [513]","33","17",
aeat_mod390_2024_sub03_export_line_34,"right","True",,,,"2","aeat_mod390_2024_sub03_export_config","float",,"0","5. Operaciones Reg. Gral. - IVA deducible - Oper. inter. bienes de inversion - Tipo 2% - Base imponible [749]","34","17",
aeat_mod390_2024_sub03_export_line_35,"right","True",,,,"2","aeat_mod390_2024_sub03_export_config","float",,"0","5. Operaciones Reg. Gral. - IVA deducible - Oper. inter. bienes de inversion - Tipo 2% - Cuota [750]","35","17",
aeat_mod390_2024_sub03_export_line_36,"right","True",,,,"2","aeat_mod390_2024_sub03_export_config","float","${object.tax_line_ids.filtered(lambda r: r.field_number == 196).amount}",,"5. Operaciones Reg. Gral. - IVA deducible - Oper. inter. bienes de inversion - Tipo 4% - Base imponible [196]","36","17",
aeat_mod390_2024_sub03_export_line_37,"right","True",,,,"2","aeat_mod390_2024_sub03_export_config","float","${object.tax_line_ids.filtered(lambda r: r.field_number == 197).amount}",,"5. Operaciones Reg. Gral. - IVA deducible - Oper. inter. bienes de inversion - Tipo 4% - Cuota [197]","37","17",
aeat_mod390_2024_sub03_export_line_38,"right","True",,,,"2","aeat_mod390_2024_sub03_export_config","float",,"0","5. Operaciones Reg. Gral. - IVA deducible - Oper. inter. bienes de inversion - Tipo 5% - Base imponible [728]","38","17",
aeat_mod390_2024_sub03_export_line_39,"right","True",,,,"2","aeat_mod390_2024_sub03_export_config","float",,"0","5. Operaciones Reg. Gral. - IVA deducible - Oper. inter. bienes de inversion - Tipo 5% - Cuota [729]","39","17",
aeat_mod390_2024_sub03_export_line_40,"right","True",,,,"2","aeat_mod390_2024_sub03_export_config","float",,"0","5. Operaciones Reg. Gral. - IVA deducible - Oper. inter. bienes de inversion - Tipo 7.5% - Base imponible [751]","40","17",
aeat_mod390_2024_sub03_export_line_41,"right","True",,,,"2","aeat_mod390_2024_sub03_export_config","float",,"0","5. Operaciones Reg. Gral. - IVA deducible - Oper. inter. bienes de inversion - Tipo 7.5% - Cuota [752]","41","17",
aeat_mod390_2024_sub03_export_line_42,"right","True",,,,"2","aeat_mod390_2024_sub03_export_config","float","${object.tax_line_ids.filtered(lambda r: r.field_number == 611).amount}",,"5. Operaciones Reg. Gral. - IVA deducible - Oper. inter. bienes de inversion - Tipo 10% - Base imponible [611]","42","17",
aeat_mod390_2024_sub03_export_line_43,"right","True",,,,"2","aeat_mod390_2024_sub03_export_config","float","${object.tax_line_ids.filtered(lambda r: r.field_number == 612).amount}",,"5. Operaciones Reg. Gral. - IVA deducible - Oper. inter. bienes de inversion - Tipo 10% - Cuota [612]","43","17",
aeat_mod390_2024_sub03_export_line_44,"right","True",,,,"2","aeat_mod390_2024_sub03_export_config","float","${object.tax_line_ids.filtered(lambda r: r.field_number == 613).amount}",,"5. Operaciones Reg. Gral. - IVA deducible - Oper. inter. bienes de inversion - Tipo 21% - Base imponible [613]","44","17",
aeat_mod390_2024_sub03_export_line_45,"right","True",,,,"2","aeat_mod390_2024_sub03_export_config","float","${object.tax_line_ids.filtered(lambda r: r.field_number == 614).amount}",,"5. Operaciones Reg. Gral. - IVA deducible - Oper. inter. bienes de inversion - Tipo 21% - Cuota [614]","45","17",
aeat_mod390_2024_sub03_export_line_46,"right","True",,,,"2","aeat_mod390_2024_sub03_export_config","float","${object.casilla_50}",,"5. Operaciones Reg. Gral. - IVA deducible - Total oper. inter. bienes de inversion - Base imponible [50]","46","17",
aeat_mod390_2024_sub03_export_line_47,"right","True",,,,"2","aeat_mod390_2024_sub03_export_config","float","${object.casilla_51}",,"5. Operaciones Reg. Gral. - IVA deducible - Total oper. inter. bienes de inversion - Cuota [51]","47","17",
aeat_mod390_2024_sub03_export_line_48,"right","True",,,,"2","aeat_mod390_2024_sub03_export_config","float",,"0","5. Operaciones Reg. Gral. - IVA deducible - Oper. intra. bienes de inversion - Tipo 2% - Base imponible [753]","48","17",
aeat_mod390_2024_sub03_export_line_49,"right","True",,,,"2","aeat_mod390_2024_sub03_export_config","float",,"0","5. Operaciones Reg. Gral. - IVA deducible - Oper. intra. bienes de inversion - Tipo 2% - Cuota [754]","49","17",
aeat_mod390_2024_sub03_export_line_50,"right","True",,,,"2","aeat_mod390_2024_sub03_export_config","float",,"0","5. Operaciones Reg. Gral. - IVA deducible - Oper. intra. bienes de inversion - Tipo 4% - Base imponible [514]","50","17",
aeat_mod390_2024_sub03_export_line_51,"right","True",,,,"2","aeat_mod390_2024_sub03_export_config","float",,"0","5. Operaciones Reg. Gral. - IVA deducible - Oper. intra. bienes de inversion - Tipo 4% - Cuota [515]","51","17",
aeat_mod390_2024_sub03_export_line_52,"right","True",,,,"2","aeat_mod390_2024_sub03_export_config","float",,"0","5. Operaciones Reg. Gral. - IVA deducible - Oper. intra. bienes de inversion - Tipo 5% - Base imponible [730]","52","17",
aeat_mod390_2024_sub03_export_line_53,"right","True",,,,"2","aeat_mod390_2024_sub03_export_config","float",,"0","5. Operaciones Reg. Gral. - IVA deducible - Oper. intra. bienes de inversion - Tipo 5% - Cuota [731]","53","17",
aeat_mod390_2024_sub03_export_line_54,"right","True",,,,"2","aeat_mod390_2024_sub03_export_config","float",,"0","5. Operaciones Reg. Gral. - IVA deducible - Oper. intra. bienes de inversion - Tipo 7.5% - Base imponible [755]","54","17",
aeat_mod390_2024_sub03_export_line_55,"right","True",,,,"2","aeat_mod390_2024_sub03_export_config","float",,"0","5. Operaciones Reg. Gral. - IVA deducible - Oper. intra. bienes de inversion - Tipo 7.5% - Cuota [756]","55","17",
aeat_mod390_2024_sub03_export_line_56,"right","True",,,,"2","aeat_mod390_2024_sub03_export_config","float",,"0","5. Operaciones Reg. Gral. - IVA deducible - Oper. intra. bienes de inversion - Tipo 10% - Base imponible [615]","56","17",
aeat_mod390_2024_sub03_export_line_57,"right","True",,,,"2","aeat_mod390_2024_sub03_export_config","float",,"0","5. Operaciones Reg. Gral. - IVA deducible - Oper. intra. bienes de inversion - Tipo 10% - Cuota [616]","57","17",
aeat_mod390_2024_sub03_export_line_58,"right","True",,,,"2","aeat_mod390_2024_sub03_export_config","float",,"0","5. Operaciones Reg. Gral. - IVA deducible - Oper. intra. bienes de inversion - Tipo 21% - Base imponible [617]","58","17",
aeat_mod390_2024_sub03_export_line_59,"right","True",,,,"2","aeat_mod390_2024_sub03_export_config","float",,"0","5. Operaciones Reg. Gral. - IVA deducible - Oper. intra. bienes de inversion - Tipo 21% - Cuota [618]","59","17",
aeat_mod390_2024_sub03_export_line_60,"right","True",,,,"2","aeat_mod390_2024_sub03_export_config","float",,"0","5. Operaciones Reg. Gral. - IVA deducible - Total oper. intra. bienes de inversion - Base imponible [520]","60","17",
aeat_mod390_2024_sub03_export_line_61,"right","True",,,,"2","aeat_mod390_2024_sub03_export_config","float",,"0","5. Operaciones Reg. Gral. - IVA deducible - Total oper. intra. bienes de inversion - Cuota [521]","61","17",
aeat_mod390_2024_sub03_export_line_62,"right","True",,,,"2","aeat_mod390_2024_sub03_export_config","float","${object.tax_line_ids.filtered(lambda r: r.field_number == 757).amount}",,"5. Operaciones Reg. Gral. - IVA deducible - Import. bienes corrientes - Tipo 2% - Base imponible [757]","62","17",
aeat_mod390_2024_sub03_export_line_63,"right","True",,,,"2","aeat_mod390_2024_sub03_export_config","float","${object.tax_line_ids.filtered(lambda r: r.field_number == 758).amount}",,"5. Operaciones Reg. Gral. - IVA deducible - Import. bienes corrientes - Tipo 2% - Cuota [758]","63","17",
aeat_mod390_2024_sub03_export_line_64,"right","True",,,,"2","aeat_mod390_2024_sub03_export_config","float","${object.tax_line_ids.filtered(lambda r: r.field_number == 202).amount}",,"5. Operaciones Reg. Gral. - IVA deducible - Import. bienes corrientes - Tipo 4% - Base imponible [202]","64","17",
aeat_mod390_2024_sub03_export_line_65,"right","True",,,,"2","aeat_mod390_2024_sub03_export_config","float","${object.tax_line_ids.filtered(lambda r: r.field_number == 203).amount}",,"5. Operaciones Reg. Gral. - IVA deducible - Import. bienes corrientes - Tipo 4% - Cuota [203]","65","17",
aeat_mod390_2024_sub03_export_line_66,"right","True",,,,"2","aeat_mod390_2024_sub03_export_config","float",,"0","5. Operaciones Reg. Gral. - IVA deducible - Import. bienes corrientes - Tipo 5% - Base imponible [732]","66","17",
aeat_mod390_2024_sub03_export_line_67,"right","True",,,,"2","aeat_mod390_2024_sub03_export_config","float",,"0","5. Operaciones Reg. Gral. - IVA deducible - Import. bienes corrientes - Tipo 5% - Cuota [733]","67","17",
aeat_mod390_2024_sub03_export_line_68,"right","True",,,,"2","aeat_mod390_2024_sub03_export_config","float","${object.tax_line_ids.filtered(lambda r: r.field_number == 759).amount}",,"5. Operaciones Reg. Gral. - IVA deducible - Import. bienes corrientes - Tipo 7.5% - Base imponible [759]","68","17",
aeat_mod390_2024_sub03_export_line_69,"right","True",,,,"2","aeat_mod390_2024_sub03_export_config","float","${object.tax_line_ids.filtered(lambda r: r.field_number == 760).amount}",,"5. Operaciones Reg. Gral. - IVA deducible - Import. bienes corrientes - Tipo 7.5% - Cuota [760]","69","17",
aeat_mod390_2024_sub03_export_line_70,"right","True",,,,"2","aeat_mod390_2024_sub03_export_config","float","${object.tax_line_ids.filtered(lambda r: r.field_number == 619).amount}",,"5. Operaciones Reg. Gral. - IVA deducible - Import. bienes corrientes - Tipo 10% - Base imponible [619]","70","17",
aeat_mod390_2024_sub03_export_line_71,"right","True",,,,"2","aeat_mod390_2024_sub03_export_config","float","${object.tax_line_ids.filtered(lambda r: r.field_number == 620).amount}",,"5. Operaciones Reg. Gral. - IVA deducible - Import. bienes corrientes - Tipo 10% - Cuota [620]","71","17",
aeat_mod390_2024_sub03_export_line_72,"right","True",,,,"2","aeat_mod390_2024_sub03_export_config","float","${object.tax_line_ids.filtered(lambda r: r.field_number == 621).amount}",,"5. Operaciones Reg. Gral. - IVA deducible - Import. bienes corrientes - Tipo 21% - Base imponible [621]","72","17",
aeat_mod390_2024_sub03_export_line_73,"right","True",,,,"2","aeat_mod390_2024_sub03_export_config","float","${object.tax_line_ids.filtered(lambda r: r.field_number == 622).amount}",,"5. Operaciones Reg. Gral. - IVA deducible - Import. bienes corrientes - Tipo 21% - Cuota [622]","73","17",
aeat_mod390_2024_sub03_export_line_74,"right","True",,,,"2","aeat_mod390_2024_sub03_export_config","float","${object.casilla_52}",,"5. Operaciones Reg. Gral. - IVA deducible - Total import. bienes corrientes - Base imponible [52]","74","17",
aeat_mod390_2024_sub03_export_line_75,"right","True",,,,"2","aeat_mod390_2024_sub03_export_config","float","${object.casilla_53}",,"5. Operaciones Reg. Gral. - IVA deducible - Total import. bienes corrientes - Cuota [53]","75","17",
aeat_mod390_2024_sub03_export_line_76,"right","True",,,,"2","aeat_mod390_2024_sub03_export_config","float",,"0","5. Operaciones Reg. Gral. - IVA deducible - Importacion bienes inversion - Tipo 2% - Base imponible [761]","76","17",
aeat_mod390_2024_sub03_export_line_77,"right","True",,,,"2","aeat_mod390_2024_sub03_export_config","float",,"0","5. Operaciones Reg. Gral. - IVA deducible - Importacion bienes inversion - Tipo 2% - Cuota [762]","77","17",
aeat_mod390_2024_sub03_export_line_78,"right","True",,,,"2","aeat_mod390_2024_sub03_export_config","float","${object.tax_line_ids.filtered(lambda r: r.field_number == 208).amount}",,"5. Operaciones Reg. Gral. - IVA deducible - Importacion bienes inversion - Tipo 4% - Base imponible [208]","78","17",
aeat_mod390_2024_sub03_export_line_79,"right","True",,,,"2","aeat_mod390_2024_sub03_export_config","float","${object.tax_line_ids.filtered(lambda r: r.field_number == 209).amount}",,"5. Operaciones Reg. Gral. - IVA deducible - Importacion bienes inversion - Tipo 4% - Cuota [209]","79","17",
aeat_mod390_2024_sub03_export_line_80,"right","True",,,,"2","aeat_mod390_2024_sub03_export_config","float",,"0","5. Operaciones Reg. Gral. - IVA deducible - Importacion bienes inversion - Tipo 5% - Base imponible [734]","80","17",
aeat_mod390_2024_sub03_export_line_81,"right","True",,,,"2","aeat_mod390_2024_sub03_export_config","float",,"0","5. Operaciones Reg. Gral. - IVA deducible - Importacion bienes inversion - Tipo 5% - Cuota [735]","81","17",
aeat_mod390_2024_sub03_export_line_82,"right","True",,,,"2","aeat_mod390_2024_sub03_export_config","float",,"0","5. Operaciones Reg. Gral. - IVA deducible - Importacion bienes inversion - Tipo 7.5% - Base imponible [763]","82","17",
aeat_mod390_2024_sub03_export_line_83,"right","True",,,,"2","aeat_mod390_2024_sub03_export_config","float",,"0","5. Operaciones Reg. Gral. - IVA deducible - Importacion bienes inversion - Tipo 7.5% - Cuota [764]","83","17",
aeat_mod390_2024_sub03_export_line_84,"right","True",,,,"2","aeat_mod390_2024_sub03_export_config","float","${object.tax_line_ids.filtered(lambda r: r.field_number == 623).amount}",,"5. Operaciones Reg. Gral. - IVA deducible - Importacion bienes inversion - Tipo 10% - Base imponible [623]","84","17",
aeat_mod390_2024_sub03_export_line_85,"right","True",,,,"2","aeat_mod390_2024_sub03_export_config","float","${object.tax_line_ids.filtered(lambda r: r.field_number == 624).amount}",,"5. Operaciones Reg. Gral. - IVA deducible - Importacion bienes inversion - Tipo 10% - Cuota [624]","85","17",
aeat_mod390_2024_sub03_export_line_86,"right","True",,,,"2","aeat_mod390_2024_sub03_export_config","float","${object.tax_line_ids.filtered(lambda r: r.field_number == 625).amount}",,"5. Operaciones Reg. Gral. - IVA deducible - Importacion bienes inversion - Tipo 21% - Base imponible [625]","86","17",
aeat_mod390_2024_sub03_export_line_87,"right","True",,,,"2","aeat_mod390_2024_sub03_export_config","float","${object.tax_line_ids.filtered(lambda r: r.field_number == 626).amount}",,"5. Operaciones Reg. Gral. - IVA deducible - Importacion bienes inversion - Tipo 21% - Cuota [626]","87","17",
aeat_mod390_2024_sub03_export_line_88,"right","True",,,,"2","aeat_mod390_2024_sub03_export_config","float","${object.casilla_54}",,"5. Operaciones Reg. Gral. - IVA deducible - Total importacion bienes inversion - Base imponible [54]","88","17",
aeat_mod390_2024_sub03_export_line_89,"right","True",,,,"2","aeat_mod390_2024_sub03_export_config","float","${object.casilla_55}",,"5. Operaciones Reg. Gral. - IVA deducible - Total importacion bienes inversion - Cuota [55]","89","17",
aeat_mod390_2024_sub03_export_line_90,"right","True",,,,"2","aeat_mod390_2024_sub03_export_config","float","${object.tax_line_ids.filtered(lambda r: r.field_number == 765).amount}",,"5. Operaciones Reg. Gral. - IVA deducible - Adqui. intra. bienes corrientes - Tipo 2% - Base imponible [765]","90","17",
aeat_mod390_2024_sub03_export_line_91,"right","True",,,,"2","aeat_mod390_2024_sub03_export_config","float","${object.tax_line_ids.filtered(lambda r: r.field_number == 766).amount}",,"5. Operaciones Reg. Gral. - IVA deducible - Adqui. intra. bienes corrientes - Tipo 2% - Cuota [766]","91","17",
aeat_mod390_2024_sub03_export_line_92,"right","True",,,,"2","aeat_mod390_2024_sub03_export_config","float","${object.tax_line_ids.filtered(lambda r: r.field_number == 214).amount}",,"5. Operaciones Reg. Gral. - IVA deducible - Adqui. intra. bienes corrientes - Tipo 4% - Base imponible [214]","92","17",
aeat_mod390_2024_sub03_export_line_93,"right","True",,,,"2","aeat_mod390_2024_sub03_export_config","float","${object.tax_line_ids.filtered(lambda r: r.field_number == 215).amount}",,"5. Operaciones Reg. Gral. - IVA deducible - Adqui. intra. bienes corrientes - Tipo 4% - Cuota [215]","93","17",
aeat_mod390_2024_sub03_export_line_94,"right","True",,,,"2","aeat_mod390_2024_sub03_export_config","float","${object.tax_line_ids.filtered(lambda r: r.field_number == 736).amount}",,"5. Operaciones Reg. Gral. - IVA deducible - Adqui. intra. bienes corrientes - Tipo 5% - Base imponible [736]","94","17",
aeat_mod390_2024_sub03_export_line_95,"right","True",,,,"2","aeat_mod390_2024_sub03_export_config","float","${object.tax_line_ids.filtered(lambda r: r.field_number == 737).amount}",,"5. Operaciones Reg. Gral. - IVA deducible - Adqui. intra. bienes corrientes - Tipo 5% - Cuota [737]","95","17",
aeat_mod390_2024_sub03_export_line_96,"right","True",,,,"2","aeat_mod390_2024_sub03_export_config","float","${object.tax_line_ids.filtered(lambda r: r.field_number == 767).amount}",,"5. Operaciones Reg. Gral. - IVA deducible - Adqui. intra. bienes corrientes - Tipo 7.5% - Base imponible [767]","96","17",
aeat_mod390_2024_sub03_export_line_97,"right","True",,,,"2","aeat_mod390_2024_sub03_export_config","float","${object.tax_line_ids.filtered(lambda r: r.field_number == 768).amount}",,"5. Operaciones Reg. Gral. - IVA deducible - Adqui. intra. bienes corrientes - Tipo 7.5% - Cuota [768]","97","17",
aeat_mod390_2024_sub03_export_line_98,"right","True",,,,"2","aeat_mod390_2024_sub03_export_config","float","${object.tax_line_ids.filtered(lambda r: r.field_number == 627).amount}",,"5. Operaciones Reg. Gral. - IVA deducible - Adqui. intra. bienes corrientes - Tipo 10% - Base imponible [627]","98","17",
aeat_mod390_2024_sub03_export_line_99,"right","True",,,,"2","aeat_mod390_2024_sub03_export_config","float","${object.tax_line_ids.filtered(lambda r: r.field_number == 628).amount}",,"5. Operaciones Reg. Gral. - IVA deducible - Adqui. intra. bienes corrientes - Tipo 10% - Cuota [628]","99","17",
aeat_mod390_2024_sub03_export_line_100,"right","True",,,,"2","aeat_mod390_2024_sub03_export_config","float","${object.tax_line_ids.filtered(lambda r: r.field_number == 629).amount}",,"5. Operaciones Reg. Gral. - IVA deducible - Adqui. intra. bienes corrientes - Tipo 21% - Base imponible [629]","100","17",
aeat_mod390_2024_sub03_export_line_101,"right","True",,,,"2","aeat_mod390_2024_sub03_export_config","float","${object.tax_line_ids.filtered(lambda r: r.field_number == 630).amount}",,"5. Operaciones Reg. Gral. - IVA deducible - Adqui. intra. bienes corrientes - Tipo 21% - Cuota [630]","101","17",
aeat_mod390_2024_sub03_export_line_102,"right","True",,,,"2","aeat_mod390_2024_sub03_export_config","float","${object.casilla_56}",,"5. Operaciones Reg. Gral. - IVA deducible - Total adqui. intra. bienes corrientes - Base imponible [56]","102","17",
aeat_mod390_2024_sub03_export_line_103,"right","True",,,,"2","aeat_mod390_2024_sub03_export_config","float","${object.casilla_57}",,"5. Operaciones Reg. Gral. - IVA deducible - Total adqui. intra. bienes corrientes - Cuota [57]","103","17",
aeat_mod390_2024_sub03_export_line_104,"left",,,,,,"aeat_mod390_2024_sub03_export_config","string",,,"Reservado para la A.E.A.T. (Dejar en blanco)","104","150",
aeat_mod390_2024_sub03_export_line_105,"left",,,,,,"aeat_mod390_2024_sub03_export_config","string",,"</T39003000>","Indicador de fin de registro: </T39003000>","105","12",
aeat_mod390_2024_sub04_export_line_01,"left",,,,,,"aeat_mod390_2024_sub04_export_config","string",,"<T","Constante: <T","1","2",
aeat_mod390_2024_sub04_export_line_02,"left",,,,,,"aeat_mod390_2024_sub04_export_config","string",,"390","Constante: 390","2","3",
aeat_mod390_2024_sub04_export_line_03,"left",,,,,,"aeat_mod390_2024_sub04_export_config","string",,"04000","Página","3","5",
aeat_mod390_2024_sub04_export_line_04,"left",,,,,,"aeat_mod390_2024_sub04_export_config","string",,">","Constante: 000>","4","1",
aeat_mod390_2024_sub04_export_line_05,"left",,,,,,"aeat_mod390_2024_sub04_export_config","string",,,"Indicador de página complementaria: En blanco","5","1",
aeat_mod390_2024_sub04_export_line_06,"right","True",,,,"2","aeat_mod390_2024_sub04_export_config","float",,"0","5. Operaciones Reg. Gral. - IVA deducible - Adqui. intra. bienes inversion - Tipo 2% - Base imponible [769]","6","17",
aeat_mod390_2024_sub04_export_line_07,"right","True",,,,"2","aeat_mod390_2024_sub04_export_config","float",,"0","5. Operaciones Reg. Gral. - IVA deducible - Adqui. intra. bienes inversion - Tipo 2% - Cuota [770]","7","17",
aeat_mod390_2024_sub04_export_line_08,"right","True",,,,"2","aeat_mod390_2024_sub04_export_config","float","${object.tax_line_ids.filtered(lambda r: r.field_number == 220).amount}",,"5. Operaciones Reg. Gral. - IVA deducible - Adqui. intra. bienes inversion - Tipo 4% - Base imponible [220]","8","17",
aeat_mod390_2024_sub04_export_line_09,"right","True",,,,"2","aeat_mod390_2024_sub04_export_config","float","${object.tax_line_ids.filtered(lambda r: r.field_number == 221).amount}",,"5. Operaciones Reg. Gral. - IVA deducible - Adqui. intra. bienes inversion - Tipo 4% - Cuota [221]","9","17",
aeat_mod390_2024_sub04_export_line_10,"right","True",,,,"2","aeat_mod390_2024_sub04_export_config","float",,"0","5. Operaciones Reg. Gral. - IVA deducible - Adqui. intra. bienes inversion - Tipo 5% - Base imponible [738]","10","17",
aeat_mod390_2024_sub04_export_line_11,"right","True",,,,"2","aeat_mod390_2024_sub04_export_config","float",,"0","5. Operaciones Reg. Gral. - IVA deducible - Adqui. intra. bienes inversion - Tipo 5% - Cuota [739]","11","17",
aeat_mod390_2024_sub04_export_line_12,"right","True",,,,"2","aeat_mod390_2024_sub04_export_config","float",,"0","5. Operaciones Reg. Gral. - IVA deducible - Adqui. intra. bienes inversion - Tipo 7.5% - Base imponible [771]","12","17",
aeat_mod390_2024_sub04_export_line_13,"right","True",,,,"2","aeat_mod390_2024_sub04_export_config","float",,"0","5. Operaciones Reg. Gral. - IVA deducible - Adqui. intra. bienes inversion - Tipo 7.5% - Cuota [772]","13","17",
aeat_mod390_2024_sub04_export_line_14,"right","True",,,,"2","aeat_mod390_2024_sub04_export_config","float","${object.tax_line_ids.filtered(lambda r: r.field_number == 631).amount}",,"5. Operaciones Reg. Gral. - IVA deducible - Adqui. intra. bienes inversion - Tipo 10% - Base imponible [631]","14","17",
aeat_mod390_2024_sub04_export_line_15,"right","True",,,,"2","aeat_mod390_2024_sub04_export_config","float","${object.tax_line_ids.filtered(lambda r: r.field_number == 632).amount}",,"5. Operaciones Reg. Gral. - IVA deducible - Adqui. intra. bienes inversion - Tipo 10% - Cuota [632]","15","17",
aeat_mod390_2024_sub04_export_line_16,"right","True",,,,"2","aeat_mod390_2024_sub04_export_config","float","${object.tax_line_ids.filtered(lambda r: r.field_number == 633).amount}",,"5. Operaciones Reg. Gral. - IVA deducible - Adqui. intra. bienes inversion - Tipo 21% - Base imponible [633]","16","17",
aeat_mod390_2024_sub04_export_line_17,"right","True",,,,"2","aeat_mod390_2024_sub04_export_config","float","${object.tax_line_ids.filtered(lambda r: r.field_number == 634).amount}",,"5. Operaciones Reg. Gral. - IVA deducible - Adqui. intra. bienes inversion - Tipo 21% - Cuota [634]","17","17",
aeat_mod390_2024_sub04_export_line_18,"right","True",,,,"2","aeat_mod390_2024_sub04_export_config","float","${object.casilla_58}",,"5. Operaciones Reg. Gral. - IVA deducible - Total adqui. intra. bienes inversion - Base imponible [58]","18","17",
aeat_mod390_2024_sub04_export_line_19,"right","True",,,,"2","aeat_mod390_2024_sub04_export_config","float","${object.casilla_59}",,"5. Operaciones Reg. Gral. - IVA deducible - Total adqui. intra. bienes inversion - Cuota [59]","19","17",
aeat_mod390_2024_sub04_export_line_20,"right","True",,,,"2","aeat_mod390_2024_sub04_export_config","float","${object.tax_line_ids.filtered(lambda r: r.field_number == 773).amount}",,"5. Operaciones Reg. Gral. - IVA deducible - Adqui. intra. servicios - Tipo 2% - Base imponible [773]","20","17",
aeat_mod390_2024_sub04_export_line_21,"right","True",,,,"2","aeat_mod390_2024_sub04_export_config","float","${object.tax_line_ids.filtered(lambda r: r.field_number == 774).amount}",,"5. Operaciones Reg. Gral. - IVA deducible - Adqui. intra. servicios - Tipo 2% - Cuota [774]","21","17",
aeat_mod390_2024_sub04_export_line_22,"right","True",,,,"2","aeat_mod390_2024_sub04_export_config","float","${object.tax_line_ids.filtered(lambda r: r.field_number == 587).amount}",,"5. Operaciones Reg. Gral. - IVA deducible - Adqui. intra. servicios - Tipo 4% - Base imponible [587]","22","17",
aeat_mod390_2024_sub04_export_line_23,"right","True",,,,"2","aeat_mod390_2024_sub04_export_config","float","${object.tax_line_ids.filtered(lambda r: r.field_number == 588).amount}",,"5. Operaciones Reg. Gral. - IVA deducible - Adqui. intra. servicios - Tipo 4% - Cuota [588]","23","17",
aeat_mod390_2024_sub04_export_line_24,"right","True",,,,"2","aeat_mod390_2024_sub04_export_config","float",,"0","5. Operaciones Reg. Gral. - IVA deducible - Adqui. intra. servicios - Tipo 5% - Base imponible [740]","24","17",
aeat_mod390_2024_sub04_export_line_25,"right","True",,,,"2","aeat_mod390_2024_sub04_export_config","float",,"0","5. Operaciones Reg. Gral. - IVA deducible - Adqui. intra. servicios - Tipo 5% - Cuota [741]","25","17",
aeat_mod390_2024_sub04_export_line_26,"right","True",,,,"2","aeat_mod390_2024_sub04_export_config","float","${object.tax_line_ids.filtered(lambda r: r.field_number == 775).amount}",,"5. Operaciones Reg. Gral. - IVA deducible - Adqui. intra. servicios - Tipo 7.5% - Base imponible [775]","26","17",
aeat_mod390_2024_sub04_export_line_27,"right","True",,,,"2","aeat_mod390_2024_sub04_export_config","float","${object.tax_line_ids.filtered(lambda r: r.field_number == 776).amount}",,"5. Operaciones Reg. Gral. - IVA deducible - Adqui. intra. servicios - Tipo 7.5% - Cuota [776]","27","17",
aeat_mod390_2024_sub04_export_line_28,"right","True",,,,"2","aeat_mod390_2024_sub04_export_config","float","${object.tax_line_ids.filtered(lambda r: r.field_number == 635).amount}",,"5. Operaciones Reg. Gral. - IVA deducible - Adqui. intra. servicios - Tipo 10% - Base imponible [635]","28","17",
aeat_mod390_2024_sub04_export_line_29,"right","True",,,,"2","aeat_mod390_2024_sub04_export_config","float","${object.tax_line_ids.filtered(lambda r: r.field_number == 636).amount}",,"5. Operaciones Reg. Gral. - IVA deducible - Adqui. intra. servicios - Tipo 10% - Cuota [636]","29","17",
aeat_mod390_2024_sub04_export_line_30,"right","True",,,,"2","aeat_mod390_2024_sub04_export_config","float","${object.tax_line_ids.filtered(lambda r: r.field_number == 637).amount}",,"5. Operaciones Reg. Gral. - IVA deducible - Adqui. intra. servicios - Tipo 21% - Base imponible [637]","30","17",
aeat_mod390_2024_sub04_export_line_31,"right","True",,,,"2","aeat_mod390_2024_sub04_export_config","float","${object.tax_line_ids.filtered(lambda r: r.field_number == 638).amount}",,"5. Operaciones Reg. Gral. - IVA deducible - Adqui. intra. servicios - Tipo 21% - Cuota [638]","31","17",
aeat_mod390_2024_sub04_export_line_32,"right","True",,,,"2","aeat_mod390_2024_sub04_export_config","float","${object.casilla_597}",,"5. Operaciones Reg. Gral. - IVA deducible - Total adqui. intra. servicios - Base imponible [597]","32","17",
aeat_mod390_2024_sub04_export_line_33,"right","True",,,,"2","aeat_mod390_2024_sub04_export_config","float","${object.casilla_598}",,"5. Operaciones Reg. Gral. - IVA deducible - Total adqui. intra. servicios - Cuota [598]","33","17",
aeat_mod390_2024_sub04_export_line_34,"right","True",,,,"2","aeat_mod390_2024_sub04_export_config","float",,"0","5. Operaciones Reg. Gral. - IVA deducible - Compensac. rég. especial agric./ganad./pesca - Base impon. [60]","34","17",
aeat_mod390_2024_sub04_export_line_35,"right","True",,,,"2","aeat_mod390_2024_sub04_export_config","float",,"0","5. Operaciones Reg. Gral. - IVA deducible - Compensac. rég. especial agric./ganad./pesca - Cuota deduc. [61]","35","17",
aeat_mod390_2024_sub04_export_line_36,"right","True",,,,"2","aeat_mod390_2024_sub04_export_config","float",,"0","5. Operaciones Reg. Gral. - IVA deducible - Cuotas deducibles en virtud de resolución administrativa o sentencia firmes con tipos no vigentes - Base impon.  [660]","36","17",
aeat_mod390_2024_sub04_export_line_37,"right","True",,,,"2","aeat_mod390_2024_sub04_export_config","float",,"0","5. Operaciones Reg. Gral. - IVA deducible - Cuotas deducibles en virtud de resolución administrativa o sentencia firmes con tipos no vigentes - Cuota deduc. [661]","37","17",
aeat_mod390_2024_sub04_export_line_38,"right","True",,,,"2","aeat_mod390_2024_sub04_export_config","float","${object.tax_line_ids.filtered(lambda r: r.field_number == 639).amount}",,"5. Operaciones Reg. Gral. - IVA deducible - Rectificación de deducciones - Base imponible [639]","38","17",
aeat_mod390_2024_sub04_export_line_39,"right","True",,,,"2","aeat_mod390_2024_sub04_export_config","float","${object.tax_line_ids.filtered(lambda r: r.field_number == 62).amount}",,"5. Operaciones Reg. Gral. - IVA deducible - Rectificación de deducciones - Cuota [62]","39","17",
aeat_mod390_2024_sub04_export_line_40,"right","True",,,,"2","aeat_mod390_2024_sub04_export_config","float",,"0","5. Operaciones Reg. Gral. - IVA deducible - Rectificación de deducciones intragrupo - Base impon. [651]","40","17",
aeat_mod390_2024_sub04_export_line_41,"right","True",,,,"2","aeat_mod390_2024_sub04_export_config","float",,"0","5. Operaciones Reg. Gral. - IVA deducible - Rectificación de deducciones intragrupo - Cuota [652]","41","17",
aeat_mod390_2024_sub04_export_line_42,"right","True",,,,"2","aeat_mod390_2024_sub04_export_config","float",,"0","5. Operaciones Reg. Gral. - IVA deducible - Regularización de inversiones [63]","42","17",
aeat_mod390_2024_sub04_export_line_43,"right","True",,,,"2","aeat_mod390_2024_sub04_export_config","float",,"0","5. Operaciones Reg. Gral. - IVA deducible - Regularización por aplicación porcentaje definitivo de prorrata [522]","43","17",
aeat_mod390_2024_sub04_export_line_44,"right","True",,,,"2","aeat_mod390_2024_sub04_export_config","float","${object.casilla_64}",,"5. Operaciones Reg. Gral. - IVA deducible - Suma de deducciones [64]","44","17",
aeat_mod390_2024_sub04_export_line_45,"right","True",,,,"2","aeat_mod390_2024_sub04_export_config","float","${object.casilla_65}",,"5. Operaciones Reg. Gral. - Resultado régimen general [65]","45","17",
aeat_mod390_2024_sub04_export_line_46,"left",,,,,,"aeat_mod390_2024_sub04_export_config","string",,,"Reservado para la A.E.A.T. (Dejar en blanco)","46","150",
aeat_mod390_2024_sub04_export_line_47,"left",,,,,,"aeat_mod390_2024_sub04_export_config","string",,"</T39004000>","Indicador de fin de registro: </T39004000>","47","12",
aeat_mod390_2024_sub05_export_line_01,"left",,,,,,"aeat_mod390_2024_sub05_export_config","string",,"<T","Constante: <T","1","2",
aeat_mod390_2024_sub05_export_line_02,"left",,,,,,"aeat_mod390_2024_sub05_export_config","string",,"390","Constante: 390","2","3",
aeat_mod390_2024_sub05_export_line_03,"left",,,,,,"aeat_mod390_2024_sub05_export_config","string",,"05000","Página","3","5",
aeat_mod390_2024_sub05_export_line_04,"left",,,,,,"aeat_mod390_2024_sub05_export_config","string",,">","Constante: >","4","1",
aeat_mod390_2024_sub05_export_line_05,"left",,,,,,"aeat_mod390_2024_sub05_export_config","string",,,"Indicador de página complementaria: En blanco","5","1",
aeat_mod390_2024_sub05_export_line_06,"left",,,,,,"aeat_mod390_2024_sub05_export_config","string",,,"6. Operaciones Reg. Simplificado - Actividad 1  - Epígrafe I.A.E. [66]","6","4",
aeat_mod390_2024_sub05_export_line_07,"right","False",,,,"2","aeat_mod390_2024_sub05_export_config","float",,"0","6. Operaciones Reg. Simplificado - Actividad 1 - A - Nº unidades Módulo 1","7","10",
aeat_mod390_2024_sub05_export_line_08,"right","False",,,,"2","aeat_mod390_2024_sub05_export_config","float",,"0","6. Operaciones Reg. Simplificado - Actividad 1 - B - Importe Módulo 1","8","17",
aeat_mod390_2024_sub05_export_line_09,"right","False",,,,"2","aeat_mod390_2024_sub05_export_config","float",,"0","6. Operaciones Reg. Simplificado - Actividad 1 - A - Nº unidades Módulo 2","9","10",
aeat_mod390_2024_sub05_export_line_10,"right","False",,,,"2","aeat_mod390_2024_sub05_export_config","float",,"0","6. Operaciones Reg. Simplificado - Actividad 1 - B - Importe Módulo 2","10","17",
aeat_mod390_2024_sub05_export_line_11,"right","False",,,,"2","aeat_mod390_2024_sub05_export_config","float",,"0","6. Operaciones Reg. Simplificado - Actividad 1 - A - Nº unidades Módulo 3","11","10",
aeat_mod390_2024_sub05_export_line_12,"right","False",,,,"2","aeat_mod390_2024_sub05_export_config","float",,"0","6. Operaciones Reg. Simplificado - Actividad 1 - B - Importe Módulo 3","12","17",
aeat_mod390_2024_sub05_export_line_13,"right","False",,,,"2","aeat_mod390_2024_sub05_export_config","float",,"0","6. Operaciones Reg. Simplificado - Actividad 1 - A - Nº unidades Módulo 4","13","10",
aeat_mod390_2024_sub05_export_line_14,"right","False",,,,"2","aeat_mod390_2024_sub05_export_config","float",,"0","6. Operaciones Reg. Simplificado - Actividad 1 - B - Importe Módulo 4","14","17",
aeat_mod390_2024_sub05_export_line_15,"right","False",,,,"2","aeat_mod390_2024_sub05_export_config","float",,"0","6. Operaciones Reg. Simplificado - Actividad 1 - A - Nº unidades Módulo 5","15","10",
aeat_mod390_2024_sub05_export_line_16,"right","False",,,,"2","aeat_mod390_2024_sub05_export_config","float",,"0","6. Operaciones Reg. Simplificado - Actividad 1 - B - Importe Módulo 5","16","17",
aeat_mod390_2024_sub05_export_line_17,"right","False",,,,"2","aeat_mod390_2024_sub05_export_config","float",,"0","6. Operaciones Reg. Simplificado - Actividad 1 - A - Nº unidades Módulo 6","17","10",
aeat_mod390_2024_sub05_export_line_18,"right","False",,,,"2","aeat_mod390_2024_sub05_export_config","float",,"0","6. Operaciones Reg. Simplificado - Actividad 1 - B - Importe Módulo 6","18","17",
aeat_mod390_2024_sub05_export_line_19,"right","False",,,,"2","aeat_mod390_2024_sub05_export_config","float",,"0","6. Operaciones Reg. Simplificado - Actividad 1 - A - Nº unidades Módulo 7","19","10",
aeat_mod390_2024_sub05_export_line_20,"right","False",,,,"2","aeat_mod390_2024_sub05_export_config","float",,"0","6. Operaciones Reg. Simplificado - Actividad 1 - B - Importe Módulo 7","20","17",
aeat_mod390_2024_sub05_export_line_21,"right","False",,,,"2","aeat_mod390_2024_sub05_export_config","float",,"0","6. Operaciones Reg. Simplificado - Actividad 1 - C- Cuota devengada operaciones corrientes","21","17",
aeat_mod390_2024_sub05_export_line_22,"right","False",,,,"2","aeat_mod390_2024_sub05_export_config","float",,"0","6. Operaciones Reg. Simplificado - Actividad 1 - Reducción aplicable por actividad realizada en el término municipal de Lorca","22","17",
aeat_mod390_2024_sub05_export_line_23,"right","False",,,,"2","aeat_mod390_2024_sub05_export_config","float",,"0","6. Operaciones Reg. Simplificado - Actividad 1 - D- Cuota soportadas operaciones corrientes","23","17",
aeat_mod390_2024_sub05_export_line_24,"right","False",,,,"2","aeat_mod390_2024_sub05_export_config","float",,"0","6. Operaciones Reg. Simplificado - Actividad 1 - E - Índice corrector","24","3",
aeat_mod390_2024_sub05_export_line_25,"right","True",,,,"2","aeat_mod390_2024_sub05_export_config","float",,"0","6. Operaciones Reg. Simplificado - Actividad 1 - F - Resultado","25","17",
aeat_mod390_2024_sub05_export_line_26,"right","False",,,,"2","aeat_mod390_2024_sub05_export_config","float",,"0","6. Operaciones Reg. Simplificado - Actividad 1- G - % Cuota mínima","26","5",
aeat_mod390_2024_sub05_export_line_27,"right","False",,,,"2","aeat_mod390_2024_sub05_export_config","float",,"0","6. Operaciones Reg. Simplificado - Actividad 1- H - Devolución cuotas soportadas otros países","27","17",
aeat_mod390_2024_sub05_export_line_28,"right","False",,,,"2","aeat_mod390_2024_sub05_export_config","float",,"0","6. Operaciones Reg. Simplificado - Actividad 1- I - Cuota mínima","28","17",
aeat_mod390_2024_sub05_export_line_29,"right","False",,,,"2","aeat_mod390_2024_sub05_export_config","float",,"0","6. Operaciones Reg. Simplificado - Actividad 1 - Cuota derivada régimen simplificado [J1]","29","17",
aeat_mod390_2024_sub05_export_line_30,"left",,,,,,"aeat_mod390_2024_sub05_export_config","string",,,"6. Operaciones Reg. Simplificado - Actividad 2  - Epígrafe I.A.E. [66]","30","4",
aeat_mod390_2024_sub05_export_line_31,"right","False",,,,"2","aeat_mod390_2024_sub05_export_config","float",,"0","6. Operaciones Reg. Simplificado - Actividad 2 - A - Nº unidades Módulo 1","31","10",
aeat_mod390_2024_sub05_export_line_32,"right","False",,,,"2","aeat_mod390_2024_sub05_export_config","float",,"0","6. Operaciones Reg. Simplificado - Actividad 2 - B - Importe Módulo 1","32","17",
aeat_mod390_2024_sub05_export_line_33,"right","False",,,,"2","aeat_mod390_2024_sub05_export_config","float",,"0","6. Operaciones Reg. Simplificado - Actividad 2 - A - Nº unidades Módulo 2","33","10",
aeat_mod390_2024_sub05_export_line_34,"right","False",,,,"2","aeat_mod390_2024_sub05_export_config","float",,"0","6. Operaciones Reg. Simplificado - Actividad 2 - B - Importe Módulo 2","34","17",
aeat_mod390_2024_sub05_export_line_35,"right","False",,,,"2","aeat_mod390_2024_sub05_export_config","float",,"0","6. Operaciones Reg. Simplificado - Actividad 2 - A - Nº unidades Módulo 3","35","10",
aeat_mod390_2024_sub05_export_line_36,"right","False",,,,"2","aeat_mod390_2024_sub05_export_config","float",,"0","6. Operaciones Reg. Simplificado - Actividad 2 - B - Importe Módulo 3","36","17",
aeat_mod390_2024_sub05_export_line_37,"right","False",,,,"2","aeat_mod390_2024_sub05_export_config","float",,"0","6. Operaciones Reg. Simplificado - Actividad 2 - A - Nº unidades Módulo 4","37","10",
aeat_mod390_2024_sub05_export_line_38,"right","False",,,,"2","aeat_mod390_2024_sub05_export_config","float",,"0","6. Operaciones Reg. Simplificado - Actividad 2 - B - Importe Módulo 4","38","17",
aeat_mod390_2024_sub05_export_line_39,"right","False",,,,"2","aeat_mod390_2024_sub05_export_config","float",,"0","6. Operaciones Reg. Simplificado - Actividad 2 - A - Nº unidades Módulo 5","39","10",
aeat_mod390_2024_sub05_export_line_40,"right","False",,,,"2","aeat_mod390_2024_sub05_export_config","float",,"0","6. Operaciones Reg. Simplificado - Actividad 2 - B - Importe Módulo 5","40","17",
aeat_mod390_2024_sub05_export_line_41,"right","False",,,,"2","aeat_mod390_2024_sub05_export_config","float",,"0","6. Operaciones Reg. Simplificado - Actividad 2 - A - Nº unidades Módulo 6","41","10",
aeat_mod390_2024_sub05_export_line_42,"right","False",,,,"2","aeat_mod390_2024_sub05_export_config","float",,"0","6. Operaciones Reg. Simplificado - Actividad 2 - B - Importe Módulo 6","42","17",
aeat_mod390_2024_sub05_export_line_43,"right","False",,,,"2","aeat_mod390_2024_sub05_export_config","float",,"0","6. Operaciones Reg. Simplificado - Actividad 2 - A - Nº unidades Módulo 7","43","10",
aeat_mod390_2024_sub05_export_line_44,"right","False",,,,"2","aeat_mod390_2024_sub05_export_config","float",,"0","6. Operaciones Reg. Simplificado - Actividad 2 - B - Importe Módulo 7","44","17",
aeat_mod390_2024_sub05_export_line_45,"right","False",,,,"2","aeat_mod390_2024_sub05_export_config","float",,"0","6. Operaciones Reg. Simplificado - Actividad 2 - C- Cuota devengada operaciones corrientes","45","17",
aeat_mod390_2024_sub05_export_line_46,"right","False",,,,"2","aeat_mod390_2024_sub05_export_config","float",,"0","6. Operaciones Reg. Simplificado - Actividad 2 - Reducción aplicable por actividad realizada en el término municipal de Lorca","46","17",
aeat_mod390_2024_sub05_export_line_47,"right","False",,,,"2","aeat_mod390_2024_sub05_export_config","float",,"0","6. Operaciones Reg. Simplificado - Actividad 2 - D- Cuota soportadas operaciones corrientes","47","17",
aeat_mod390_2024_sub05_export_line_48,"right","False",,,,"2","aeat_mod390_2024_sub05_export_config","float",,"0","6. Operaciones Reg. Simplificado - Actividad 2 - E - Índice corrector","48","3",
aeat_mod390_2024_sub05_export_line_49,"right","True",,,,"2","aeat_mod390_2024_sub05_export_config","float",,"0","6. Operaciones Reg. Simplificado - Actividad 2 - F - Resultado","49","17",
aeat_mod390_2024_sub05_export_line_50,"right","False",,,,"2","aeat_mod390_2024_sub05_export_config","float",,"0","6. Operaciones Reg. Simplificado - Actividad 2- G - % Cuota mínima","50","5",
aeat_mod390_2024_sub05_export_line_51,"right","False",,,,"2","aeat_mod390_2024_sub05_export_config","float",,"0","6. Operaciones Reg. Simplificado - Actividad 2- H - Devolución cuotas soportadas otros países","51","17",
aeat_mod390_2024_sub05_export_line_52,"right","False",,,,"2","aeat_mod390_2024_sub05_export_config","float",,"0","6. Operaciones Reg. Simplificado - Actividad 2- I - Cuota mínima","52","17",
aeat_mod390_2024_sub05_export_line_53,"right","False",,,,"2","aeat_mod390_2024_sub05_export_config","float",,"0","6. Operaciones Reg. Simplificado - Actividad 2 - Cuota derivada régimen simplificado [J2]","53","17",
aeat_mod390_2024_sub05_export_line_54,"left",,,,,,"aeat_mod390_2024_sub05_export_config","string",,"00","6. Operaciones Reg. Simplificado - Act. Agrícolas y Ganaderas - Actividad 1 -  Código","54","2",
aeat_mod390_2024_sub05_export_line_55,"right","False",,,,"2","aeat_mod390_2024_sub05_export_config","float",,"0","6. Operaciones Reg. Simplificado - Act. Agrícolas y Ganaderas - Actividad 1 - Volumen  ingresos","55","17",
aeat_mod390_2024_sub05_export_line_56,"right","False",,,,"5","aeat_mod390_2024_sub05_export_config","float",,"0","6. Operaciones Reg. Simplificado - Act. Agrícolas y Ganaderas - Actividad 1 - Indice cuota","56","6",
aeat_mod390_2024_sub05_export_line_57,"right","False",,,,"2","aeat_mod390_2024_sub05_export_config","float",,"0","6. Operaciones Reg. Simplificado - Act. Agrícolas y Ganaderas - Actividad 1 - Cuota devengada","57","17",
aeat_mod390_2024_sub05_export_line_58,"right","False",,,,"2","aeat_mod390_2024_sub05_export_config","float",,"0","6. Operaciones Reg. Simplificado - Act. Agrícolas y Ganaderas - Actividad 1 - Cuota soportada","58","17",
aeat_mod390_2024_sub05_export_line_59,"right","True",,,,"2","aeat_mod390_2024_sub05_export_config","float",,"0","6. Operaciones Reg. Simplificado - Act. Agrícolas y Ganaderas - Actividad 1 - Cuota derivada Regimen Simplificado [K1]","59","17",
aeat_mod390_2024_sub05_export_line_60,"left",,,,,,"aeat_mod390_2024_sub05_export_config","string",,"00","6. Operaciones Reg. Simplificado - Act. Agrícolas y Ganaderas - Actividad 2 -  Código","60","2",
aeat_mod390_2024_sub05_export_line_61,"right","False",,,,"2","aeat_mod390_2024_sub05_export_config","float",,"0","6. Operaciones Reg. Simplificado - Act. Agrícolas y Ganaderas - Actividad 2 - Volumen  ingresos","61","17",
aeat_mod390_2024_sub05_export_line_62,"right","False",,,,"5","aeat_mod390_2024_sub05_export_config","float",,"0","6. Operaciones Reg. Simplificado - Act. Agrícolas y Ganaderas - Actividad 2 - Indice cuota","62","6",
aeat_mod390_2024_sub05_export_line_63,"right","False",,,,"2","aeat_mod390_2024_sub05_export_config","float",,"0","6. Operaciones Reg. Simplificado - Act. Agrícolas y Ganaderas - Actividad 2- Cuota devengada","63","17",
aeat_mod390_2024_sub05_export_line_64,"right","False",,,,"2","aeat_mod390_2024_sub05_export_config","float",,"0","6. Operaciones Reg. Simplificado - Act. Agrícolas y Ganaderas - Actividad 2 - Cuota soportada","64","17",
aeat_mod390_2024_sub05_export_line_65,"right","True",,,,"2","aeat_mod390_2024_sub05_export_config","float",,"0","6. Operaciones Reg. Simplificado - Act. Agrícolas y Ganaderas - Actividad 2 - Cuota derivada Regimen Simplificado [K2]","65","17",
aeat_mod390_2024_sub05_export_line_66,"left",,,,,,"aeat_mod390_2024_sub05_export_config","string",,"00","6. Operaciones Reg. Simplificado - Act. Agrícolas y Ganaderas - Actividad 3 -  Código","66","2",
aeat_mod390_2024_sub05_export_line_67,"right","False",,,,"2","aeat_mod390_2024_sub05_export_config","float",,"0","6. Operaciones Reg. Simplificado - Act. Agrícolas y Ganaderas - Actividad 3 - Volumen  ingresos","67","17",
aeat_mod390_2024_sub05_export_line_68,"right","False",,,,"5","aeat_mod390_2024_sub05_export_config","float",,"0","6. Operaciones Reg. Simplificado - Act. Agrícolas y Ganaderas - Actividad 3 - Indice cuota","68","6",
aeat_mod390_2024_sub05_export_line_69,"right","False",,,,"2","aeat_mod390_2024_sub05_export_config","float",,"0","6. Operaciones Reg. Simplificado - Act. Agrícolas y Ganaderas - Actividad 3 - Cuota devengada","69","17",
aeat_mod390_2024_sub05_export_line_70,"right","False",,,,"2","aeat_mod390_2024_sub05_export_config","float",,"0","6. Operaciones Reg. Simplificado - Act. Agrícolas y Ganaderas - Actividad 3 - Cuota soportada","70","17",
aeat_mod390_2024_sub05_export_line_71,"right","True",,,,"2","aeat_mod390_2024_sub05_export_config","float",,"0","6. Operaciones Reg. Simplificado - Act. Agrícolas y Ganaderas - Actividad 3 - Cuota derivada Regimen Simplificado [K3]","71","17",
aeat_mod390_2024_sub05_export_line_72,"left",,,,,,"aeat_mod390_2024_sub05_export_config","string",,"00","6. Operaciones Reg. Simplificado - Act. Agrícolas y Ganaderas - Actividad 4-  Código","72","2",
aeat_mod390_2024_sub05_export_line_73,"right","False",,,,"2","aeat_mod390_2024_sub05_export_config","float",,"0","6. Operaciones Reg. Simplificado - Act. Agrícolas y Ganaderas - Actividad 4- Volumen  ingresos","73","17",
aeat_mod390_2024_sub05_export_line_74,"right","False",,,,"5","aeat_mod390_2024_sub05_export_config","float",,"0","6. Operaciones Reg. Simplificado - Act. Agrícolas y Ganaderas - Actividad 4 - Indice cuota","74","6",
aeat_mod390_2024_sub05_export_line_75,"right","False",,,,"2","aeat_mod390_2024_sub05_export_config","float",,"0","6. Operaciones Reg. Simplificado - Act. Agrícolas y Ganaderas - Actividad 4 - Cuota devengada","75","17",
aeat_mod390_2024_sub05_export_line_76,"right","False",,,,"2","aeat_mod390_2024_sub05_export_config","float",,"0","6. Operaciones Reg. Simplificado - Act. Agrícolas y Ganaderas - Actividad 4 - Cuota soportada","76","17",
aeat_mod390_2024_sub05_export_line_77,"right","True",,,,"2","aeat_mod390_2024_sub05_export_config","float",,"0","6. Operaciones Reg. Simplificado - Act. Agrícolas y Ganaderas - Actividad 4 - Cuota derivada Regimen Simplificado [K4]","77","17",
aeat_mod390_2024_sub05_export_line_78,"left",,,,,,"aeat_mod390_2024_sub05_export_config","string",,"00","6. Operaciones Reg. Simplificado - Act. Agrícolas y Ganaderas - Actividad 5-  Código","78","2",
aeat_mod390_2024_sub05_export_line_79,"right","False",,,,"2","aeat_mod390_2024_sub05_export_config","float",,"0","6. Operaciones Reg. Simplificado - Act. Agrícolas y Ganaderas - Actividad 5 - Volumen  ingresos","79","17",
aeat_mod390_2024_sub05_export_line_80,"right","False",,,,"5","aeat_mod390_2024_sub05_export_config","float",,"0","6. Operaciones Reg. Simplificado - Act. Agrícolas y Ganaderas - Actividad 5 - Indice cuota","80","6",
aeat_mod390_2024_sub05_export_line_81,"right","False",,,,"2","aeat_mod390_2024_sub05_export_config","float",,"0","6. Operaciones Reg. Simplificado - Act. Agrícolas y Ganaderas - Actividad 5 - Cuota devengada","81","17",
aeat_mod390_2024_sub05_export_line_82,"right","False",,,,"2","aeat_mod390_2024_sub05_export_config","float",,"0","6. Operaciones Reg. Simplificado - Act. Agrícolas y Ganaderas - Actividad 5 - Cuota soportada","82","17",
aeat_mod390_2024_sub05_export_line_83,"right","True",,,,"2","aeat_mod390_2024_sub05_export_config","float",,"0","6. Operaciones Reg. Simplificado - Act. Agrícolas y Ganaderas - Actividad 5 - Cuota derivada Regimen Simplificado [K5]","83","17",
aeat_mod390_2024_sub05_export_line_84,"right","True",,,,"2","aeat_mod390_2024_sub05_export_config","float",,"0","6. Operaciones Reg. Simplificado - IVA devengado - Suma cuotas actividades no agríc., ganad. y forest.  [74]","84","17",
aeat_mod390_2024_sub05_export_line_85,"right","True",,,,"2","aeat_mod390_2024_sub05_export_config","float",,"0","6. Operaciones Reg. Simplificado - IVA devengado - Suma cuotas  actividades agríc., ganad. y forest. [75]","85","17",
aeat_mod390_2024_sub05_export_line_86,"right","True",,,,"2","aeat_mod390_2024_sub05_export_config","float",,"0","6. Operaciones Reg. Simplificado - IVA devengado en adquisiciones intracomunitarias [76]","86","17",
aeat_mod390_2024_sub05_export_line_87,"right","True",,,,"2","aeat_mod390_2024_sub05_export_config","float",,"0","6. Operaciones Reg. Simplificado - IVA devengado - IVA devengado por inversión del sujeto pasivo [77]","87","17",
aeat_mod390_2024_sub05_export_line_88,"right","True",,,,"2","aeat_mod390_2024_sub05_export_config","float",,"0","6. Operaciones Reg. Simplificado - IVA devengado - IVA devengado en entregas de activos fijos [78]","88","17",
aeat_mod390_2024_sub05_export_line_89,"right","True",,,,"2","aeat_mod390_2024_sub05_export_config","float",,"0","6. Operaciones Reg. Simplificado - IVA devengado - Total cuota resultante [79]","89","17",
aeat_mod390_2024_sub05_export_line_90,"right","True",,,,"2","aeat_mod390_2024_sub05_export_config","float",,"0","6. Operaciones Reg. Simplificado - Deducciones - IVA soportado en adquisicion de activos fijos [80]","90","17",
aeat_mod390_2024_sub05_export_line_91,"right","True",,,,"2","aeat_mod390_2024_sub05_export_config","float",,"0","6. Operaciones Reg. Simplificado - Deducciones - Regularización de bienes de inversion [81]","91","17",
aeat_mod390_2024_sub05_export_line_92,"right","True",,,,"2","aeat_mod390_2024_sub05_export_config","float",,"0","6. Operaciones Reg. Simplificado - Deducciones - Suma de deducciones [82]","92","17",
aeat_mod390_2024_sub05_export_line_93,"right","True",,,,"2","aeat_mod390_2024_sub05_export_config","float",,"0","6. Operaciones Reg. Simplificado - Resultado régimen simplificado [83]","93","17",
aeat_mod390_2024_sub05_export_line_94,"left",,,,,,"aeat_mod390_2024_sub05_export_config","string",,,"6. Operaciones Reg. Simplificado - Actividad 1 - Epigrafe IAE - Indicador auxiliar de actividad en el caso de epígrafes 691.9 y 722","94","1",
aeat_mod390_2024_sub05_export_line_95,"left",,,,,,"aeat_mod390_2024_sub05_export_config","string",,,"6. Operaciones Reg. Simplificado - Actividad 2 - Epigrafe IAE - Indicador auxiliar de actividad en el caso de epígrafes 691.9 y 722","95","1",
aeat_mod390_2024_sub05_export_line_96,"right","True",,,,"2","aeat_mod390_2024_sub05_export_config","float",,"0","6. Operaciones Reg. Simplificado - Actividad 1 - Reducción aplicable por actividad realizada en municipios afectados por la DANA","96","17",
aeat_mod390_2024_sub05_export_line_97,"right","True",,,,"2","aeat_mod390_2024_sub05_export_config","float",,"0","6. Operaciones Reg. Simplificado - Actividad 1 - Reducciones (total)","97","17",
aeat_mod390_2024_sub05_export_line_98,"right","True",,,,"2","aeat_mod390_2024_sub05_export_config","float",,"0","6. Operaciones Reg. Simplificado - Actividad 2 - Reducción aplicable por actividad realizada en municipios afectados por la DANA","98","17",
aeat_mod390_2024_sub05_export_line_99,"right","True",,,,"2","aeat_mod390_2024_sub05_export_config","float",,"0","6. Operaciones Reg. Simplificado - Actividad 2 - Reducciones (total)","99","17",
aeat_mod390_2024_sub05_export_line_100,"right","True",,,,"2","aeat_mod390_2024_sub05_export_config","float",,"0","6. Operaciones Reg. Simplificado - Act. Agrícolas y Ganaderas - Actividad 1 - Reducción aplicable por actividad realizada en municipios afectados por la DANA","100","17",
aeat_mod390_2024_sub05_export_line_101,"right","True",,,,"2","aeat_mod390_2024_sub05_export_config","float",,"0","6. Operaciones Reg. Simplificado - Act. Agrícolas y Ganaderas - Actividad 2 - Reducción aplicable por actividad realizada en municipios afectados por la DANA","101","17",
aeat_mod390_2024_sub05_export_line_102,"right","True",,,,"2","aeat_mod390_2024_sub05_export_config","float",,"0","6. Operaciones Reg. Simplificado - Act. Agrícolas y Ganaderas - Actividad 3 - Reducción aplicable por actividad realizada en municipios afectados por la DANA","102","17",
aeat_mod390_2024_sub05_export_line_103,"right","True",,,,"2","aeat_mod390_2024_sub05_export_config","float",,"0","6. Operaciones Reg. Simplificado - Act. Agrícolas y Ganaderas - Actividad 4 - Reducción aplicable por actividad realizada en municipios afectados por la DANA","103","17",
aeat_mod390_2024_sub05_export_line_104,"right","True",,,,"2","aeat_mod390_2024_sub05_export_config","float",,"0","6. Operaciones Reg. Simplificado - Act. Agrícolas y Ganaderas - Actividad 5 - Reducción aplicable por actividad realizada en municipios afectados por la DANA","104","17",
aeat_mod390_2024_sub05_export_line_105,"left",,,,,,"aeat_mod390_2024_sub05_export_config","string",,,"Reservado para la A.E.A.T. (Dejar en blanco)","105","150",
aeat_mod390_2024_sub05_export_line_106,"left",,,,,,"aeat_mod390_2024_sub05_export_config","string",,"</T39005000>","Indicador de fin de registro: </T39005000>","106","12",
aeat_mod390_2024_main_export_line_01,"left",,,,,,"aeat_mod390_2024_main_export_config","string",,"<T","Constante: <T","1","2",
aeat_mod390_2024_main_export_line_02,"left",,,,,,"aeat_mod390_2024_main_export_config","string",,"390","Constante: 390","2","3",
aeat_mod390_2024_main_export_line_03,"left",,,,,,"aeat_mod390_2024_main_export_config","string",,"0","Constante: 0","3","1",
aeat_mod390_2024_main_export_line_04,"left",,,,,,"aeat_mod390_2024_main_export_config","string","${object.year}",,"Ejercicio devengo","4","4",
aeat_mod390_2024_main_export_line_05,"left",,,,,,"aeat_mod390_2024_main_export_config","string","${object.period_type}",,"Identificación Periodo","5","2",
aeat_mod390_2024_main_export_line_06,"left",,,,,,"aeat_mod390_2024_main_export_config","string",,"0000>","Constante: 0000>","6","5",
aeat_mod390_2024_main_export_line_07,"left",,,,,,"aeat_mod390_2024_main_export_config","string",,"<AUX>","Constante: <AUX>","7","5",
aeat_mod390_2024_main_export_line_08,"left",,,,,,"aeat_mod390_2024_main_export_config","string",,,"Reservado para la Administración: Rellenar con blancos","8","70",
aeat_mod390_2024_main_export_line_09,"left",,,,,,"aeat_mod390_2024_main_export_config","string",,"odoo","Versión del programa","9","4",
aeat_mod390_2024_main_export_line_10,"left",,,,,,"aeat_mod390_2024_main_export_config","string",,,"Reservado para la Administración. Rellenar con blancos","10","4",
aeat_mod390_2024_main_export_line_11,"left",,,,,,"aeat_mod390_2024_main_export_config","string",,"G87846952","NIF Empresa Desarrollo","11","9",
aeat_mod390_2024_main_export_line_12,"left",,,,,,"aeat_mod390_2024_main_export_config","string",,,"Reservado para la Administración. Rellenar con blancos","12","213",
aeat_mod390_2024_main_export_line_13,"left",,,,,,"aeat_mod390_2024_main_export_config","string",,"</AUX>","Constante: </AUX>","13","6",
aeat_mod390_2024_main_export_line_14,,,,,,,"aeat_mod390_2024_main_export_config","subconfig",,,"Contenido del fichero [sub01]","14",,"aeat_mod390_2022_sub01_export_config"
aeat_mod390_2024_main_export_line_15,,,,,,,"aeat_mod390_2024_main_export_config","subconfig",,,"Contenido del fichero [sub02]","15",,"aeat_mod390_2024_sub02_export_config"
aeat_mod390_2024_main_export_line_16,,,,,,,"aeat_mod390_2024_main_export_config","subconfig",,,"Contenido del fichero [sub02 bis]","16",,"aeat_mod390_2024_sub02_bis_export_config"
aeat_mod390_2024_main_export_line_17,,,,,,,"aeat_mod390_2024_main_export_config","subconfig",,,"Contenido del fichero [sub03]","17",,"aeat_mod390_2024_sub03_export_config"
aeat_mod390_2024_main_export_line_18,,,,,,,"aeat_mod390_2024_main_export_config","subconfig",,,"Contenido del fichero [sub04]","18",,"aeat_mod390_2024_sub04_export_config"
aeat_mod390_2024_main_export_line_19,,,,,"False",,"aeat_mod390_2024_main_export_config","subconfig",,,"Contenido del fichero [sub05]","19",,"aeat_mod390_2024_sub05_export_config"
aeat_mod390_2024_main_export_line_20,,,,,,,"aeat_mod390_2024_main_export_config","subconfig",,,"Contenido del fichero [sub06]","20",,"aeat_mod390_2021_sub06_export_config"
aeat_mod390_2024_main_export_line_21,,,,,,,"aeat_mod390_2024_main_export_config","subconfig",,,"Contenido del fichero [sub07]","21",,"aeat_mod390_2019_sub07_export_config"
aeat_mod390_2024_main_export_line_22,,,,,"False",,"aeat_mod390_2024_main_export_config","subconfig",,,"Contenido del fichero [sub08]","22",,"aeat_mod390_2019_sub08_export_config"
aeat_mod390_2024_main_export_line_23,"left",,,,,,"aeat_mod390_2024_main_export_config","string","</T3900${object.year}${object.period_type}0000>",,"Constante: </T3900+Ejercicio+periodo+0000>","23","18",
